sku,microinvest_code,name_bg,unit,unit_raw,quantity,purchase_price,retail_price,selling_price
NOC-B8DEB606EE,,МРЕЖИ   0.5     1/2х1      0.5м.         25М.,bundle,ТОП,0.000,0.00,0.00,0.00
NOC-5B334BFBE0,,МРЕЖИ 0.5       1/2х1/2    0.5м.         25М.,bundle,ТОП,0.000,0.00,0.00,0.00
NOC-F1962FD42E,,МРЕЖИ  0.5      3/4х3/4    0.5м.      25М.,bundle,ТОП,0.000,0.00,0.00,0.00
NOC-6119075959,,СКВТM 6/ 60Ф 8  АНКЕР ВТУЛКОВ М 6  8х 60/200In,pcs,БР.,0.000,0.00,0.00,0.12
NOC-E7B880941A,,СКВТM 8/ 60Ф10  АНКЕР ВТУЛКОВ М 8 10х 60/100In,pcs,БР.,0.000,0.00,0.00,0.17
NOC-F2E6C4E29C,,СКВТM 8/ 80Ф10  АНКЕР ВТУЛКОВ М 8 10х 80/100In,pcs,БР.,0.000,0.00,0.00,0.21
NOC-D94A8AC792,,СКВТM10/ 70Ф12  АНКЕР ВТУЛКОВ М10 12х 70/100In,pcs,БР.,0.000,0.00,0.00,0.27
NOC-A6D89E3CA3,,СКМ7TDN 6/35    АНКЕР КЛИН ОК.ТАВ.6х35/100бр.,box,КУТИЯ,0.000,0.00,0.00,3.68
NOC-4D8C3CEFC4,,СКВТ 8/ 60      АНКЕР СЕГМ.  8х 60/100 INDEX,pcs,БР.,0.000,0.00,0.00,0.15
NOC-B96C3F1BCA,,СКВТ 8/ 75      АНКЕР СЕГМ.  8х 75/100 INDEX,pcs,БР.,0.000,0.00,0.00,0.16
NOC-6778DAA72E,,СКВТ 8/ 90      АНКЕР СЕГМ.  8х 90/100 INDEX,pcs,БР.,0.000,0.00,0.00,0.20
NOC-0608E8C2DE,,СКВТ 8/115      АНКЕР СЕГМ.  8х115/100 INDEX,pcs,БР.,0.000,0.00,0.00,0.24
NOC-D3AB525D0D,,СКВТ 8/130      АНКЕР СЕГМ.  8х130/100 INDEX,pcs,БР.,0.000,0.00,0.00,0.32
NOC-49DF0EE120,,СКВТ10/ 80      АНКЕР СЕГМ. 10х 80/100 INDEX,pcs,БР.,0.000,0.00,0.00,0.24
NOC-C47432DE39,,СКВТ10/ 90      АНКЕР СЕГМ. 10х 90/100 INDEX,pcs,БР.,0.000,0.00,0.00,0.25
NOC-B57479B762,,СКВТ10/100      АНКЕР СЕГМ. 10х100/100 INDEX,pcs,БР.,0.000,0.00,0.00,0.27
NOC-B0B9CAED24,,СКВТ10/120      АНКЕР СЕГМ. 10х120/ 50 INDEX,pcs,БР.,0.000,0.00,0.00,0.31
NOC-438D774423,,СКВТ10/140      АНКЕР СЕГМ. 10х140/ 50 INDEX,pcs,БР.,0.000,0.00,0.00,0.35
NOC-F4ABC15A58,,СКВТ10/150      АНКЕР СЕГМ. 10х150/ 50 INDEX,pcs,БР.,0.000,0.00,0.00,0.41
NOC-0EC17540C3,,СКВТ10/170      АНКЕР СЕГМ. 10х170/ 50 INDEX,pcs,БР.,0.000,0.00,0.00,0.48
NOC-45FCE7DD0F,,СКВТ10/210      АНКЕР СЕГМ. 10х210/ 50 INDEX,pcs,БР.,0.000,0.00,0.00,0.81
NOC-C34DE3078F,,СКВТ12/ 90      АНКЕР СЕГМ. 12х 90/ 50 INDEX,pcs,БР.,0.000,0.00,0.00,0.35
NOC-8849FB28CB,,СКВТ12/110      АНКЕР СЕГМ. 12х110/ 50 INDEX,pcs,БР.,0.000,0.00,0.00,0.39
NOC-4FECE9FD76,,СКВТ12/120      АНКЕР СЕГМ. 12х120/ 50 INDEX,pcs,БР.,0.000,0.00,0.00,0.44
NOC-DE476D9925,,СКВТ12/140      АНКЕР СЕГМ. 12х140/ 50 INDEX,pcs,БР.,0.000,0.00,0.00,0.57
NOC-D3418B0A91,,СКВТ12/160      АНКЕР СЕГМ. 12х160/ 50 INDEX,pcs,БР.,0.000,0.00,0.00,0.63
NOC-622CEB5700,,СКВТ12/180      АНКЕР СЕГМ. 12х180/ 50 INDEX,pcs,БР.,0.000,0.00,0.00,0.69
NOC-D3327C4E1E,,СКВТ12/220      АНКЕР СЕГМ. 12х220/ 50 INDEX,pcs,БР.,0.000,0.00,0.00,0.82
NOC-3C8716AD2D,,СКВТ12/250      АНКЕР СЕГМ. 12х250/ 25 INDEX,pcs,БР.,0.000,0.00,0.00,1.04
NOC-2CEBC4E32B,,СКВТ14/100      АНКЕР СЕГМ. 14х100/ 50 INDEX,pcs,БР.,0.000,0.00,0.00,0.71
NOC-16755FBE05,,СКВТ14/120      АНКЕР СЕГМ. 14х120/ 25 INDEX,pcs,БР.,0.000,0.00,0.00,0.81
NOC-1BF6E2B9DE,,СКВТ14/145      АНКЕР СЕГМ. 14х145/ 25 INDEX,pcs,БР.,0.000,0.00,0.00,0.92
NOC-58E0E5870A,,СКВТ14/170      АНКЕР СЕГМ. 14х170/ 25 INDEX,pcs,БР.,0.000,0.00,0.00,1.02
NOC-0FA768BAC0,,СКВТ14/220      АНКЕР СЕГМ. 14х220/ 25 INDEX,pcs,БР.,0.000,0.00,0.00,1.19
NOC-4F5831BD51,,СКВТ14/250      АНКЕР СЕГМ. 14х250/ 25 INDEX,pcs,БР.,0.000,0.00,0.00,1.30
NOC-77E0E3F9EE,,СКВТ16/110      АНКЕР СЕГМ. 16х110/ 25 INDEX,pcs,БР.,0.000,0.00,0.00,0.79
NOC-1304A19CB9,,СКВТ16/125      АНКЕР СЕГМ. 16х125/ 25 INDEX,pcs,БР.,0.000,0.00,0.00,0.87
NOC-0E571DB898,,СКВТ16/145      АНКЕР СЕГМ. 16х145/ 25 INDEX,pcs,БР.,0.000,0.00,0.00,0.95
NOC-2525D84E4F,,СКВТ16/170      АНКЕР СЕГМ. 16х170/ 25 INDEX,pcs,БР.,0.000,0.00,0.00,1.16
NOC-975E755CB4,,СКВТ16/220      АНКЕР СЕГМ. 16х220/ 25 INDEX,pcs,БР.,0.000,0.00,0.00,1.36
NOC-A246699405,,СКВТ20/170      АНКЕР СЕГМ. 20х170/ 20 INDEX,pcs,БР.,0.000,0.00,0.00,1.66
NOC-8134331CD5,,0403  311       АСЕТ-БОЛТ ЗА Т.КАПАК-ПРАВ*,pcs,БР.,0.000,0.00,0.00,0.00
NOC-C6BDAC989D,,СТ05  311       АСЕТ-БОЛТ ЗА ТОАЛ.КАПАК,pcs,бр.,0.000,0.00,0.00,0.08
NOC-1B2B3A2292,,СТ05   19       АСЕТ-БОЛТ ЗА ТОАЛ.КАПАК 2бр.,pcs,бр.,0.000,0.00,0.00,0.37
NOC-4DADB43B4B,,СТ06  401       АСЕТ-САПУНЕРКА 0.5л.,pcs,бр.,0.000,0.00,0.00,1.38
NOC-B5D4A32DB6,,СТ03  108А      АСЕТ-СИФОН ГОФРЕ 108А Т.КАЗ.,pcs,бр.,0.000,0.00,1.28,0.77
NOC-57ABC363A3,,СИ00  113129    БИТОВЕ К-Т 6-ст.опашка 10мм-11,pcs,БР.,0.000,0.00,0.00,5.42
NOC-774E68DFA6,,СИ00  113139    БИТОВЕ К-Т 6-ст.опашка 10мм-15,pcs,БР.,0.000,0.00,0.00,6.60
NOC-7CC99B3FA3,,СИ00  113189    БИТОВЕ К-Т 6-ст.опашка 10мм-42,pcs,БР.,0.000,0.00,0.00,16.87
NOC-B6464F5AFA,,СИ00  113019    БИТОВЕ К-Т 6-стенна опашка 10м,pcs,БР.,0.000,0.00,0.00,1.07
NOC-3AF9EAB4BF,,СИ00  113969    БИТОВЕ К-Т 65мм.ДВУСТР./10бр./,pcs,БР.,0.000,0.00,0.00,1.53
NOC-D4E75F8E2A,,СИ00  113809    БИТОВЕ К-Т PH1х50мм.-10бр.,pcs,БР.,0.000,0.00,0.00,1.07
NOC-1B4B2A514A,,СИ00  113829    БИТОВЕ К-Т PH2х50мм.-10бр.,pcs,БР.,0.000,0.00,0.00,1.07
NOC-C849E1E2F3,,СИ00  11359     БИТОВЕ К-Т PH3х50мм-2бр.,pcs,БР.,0.000,0.00,0.00,0.79
NOC-3A91F8444D,,СИ00  11346     БИТОВЕ К-Т PZ3х50мм.-10бр.,pcs,БР.,0.000,0.00,0.00,2.05
NOC-70F05B02E5,,СИ00  11361     БИТОВЕ К-Т И ВЛОЖКИ  1/4-26час,pcs,БР.,0.000,0.00,0.00,15.13
NOC-F30A4A5A90,,СКМ7БК 6х 25    БОЛТ КОЛАРСКИ 6х 25,pcs,БР.,0.000,0.00,0.00,0.02
NOC-9DFFA6E623,,СКМ7БК 6х 30    БОЛТ КОЛАРСКИ 6х 30,pcs,БР.,0.000,0.00,0.00,0.02
NOC-C17707629D,,СКМ7БК 6х 40    БОЛТ КОЛАРСКИ 6х 40,pcs,БР.,0.000,0.00,0.00,0.02
NOC-7E681FDC49,,СКМ7БК 6х 50    БОЛТ КОЛАРСКИ 6х 50,pcs,БР.,0.000,0.00,0.00,0.03
NOC-9BACF9653D,,СКМ7БК 6х 60    БОЛТ КОЛАРСКИ 6х 60,pcs,БР.,0.000,0.00,0.00,0.03
NOC-86A76370C6,,СКМ7БК 6х 70    БОЛТ КОЛАРСКИ 6х 70,pcs,БР.,0.000,0.00,0.00,0.04
NOC-3653DB721E,,СКМ7БК 6х 80    БОЛТ КОЛАРСКИ 6х 80,pcs,БР.,0.000,0.00,0.00,0.04
NOC-75A607A907,,СКМ7БК 8х 30    БОЛТ КОЛАРСКИ 8х 30,pcs,БР.,0.000,0.00,0.00,0.04
NOC-B6D4DFADEA,,СКМ7БК 8х 40    БОЛТ КОЛАРСКИ 8х 40,pcs,БР.,0.000,0.00,0.00,0.04
NOC-EDF6FED918,,СКМ7БК 8х 50    БОЛТ КОЛАРСКИ 8х 50,pcs,БР.,0.000,0.00,0.00,0.06
NOC-6C30734216,,СКМ7БК 8х 60    БОЛТ КОЛАРСКИ 8х 60,pcs,БР.,0.000,0.00,0.00,0.06
NOC-12EC9D3FA6,,СКМ7БК 8х 70    БОЛТ КОЛАРСКИ 8х 70,pcs,БР.,0.000,0.00,0.00,0.07
NOC-512F91297B,,СКМ7БК 8х 80    БОЛТ КОЛАРСКИ 8х 80,pcs,БР.,0.000,0.00,0.00,0.08
NOC-C0C3368FE4,,0507-572.60-3M  БРАВА ДАФ КАСОВА ЗА БЛИНД.ВР**,pcs,БР.,0.000,0.00,0.00,11.17
NOC-954DE89DD4,,0507-510.40-70  БРАВА ДАФ СЕКРЕТ.70ММ-ЗЛАТО**,pcs,БР.,0.000,0.00,0.00,5.03
NOC-76DBC94384,,0507-522.40R70  БРАВА ДАФ СЕРВ.WC 70ММ-ЗЛАТО**,pcs,БР.,0.000,0.00,0.00,3.37
NOC-EBFD2DD079,,0507-522.40-RD  БРАВА ДАФ СЕРВ.WC 90ММ-ЗЛАТО**,pcs,БР.,0.000,0.00,0.00,3.37
NOC-0DD7BEC24F,,0507-522.35-PD  БРАВА ДАФ СЕРВ.ЗА PVC.ВР.35М**,pcs,БР.,0.000,0.00,0.00,3.16
NOC-A5683AA0B9,,0507-522.35-D   БРАВА ДАФ СЕРВ.ЗА АЛ.В.WC-ХР**,pcs,БР.,0.000,0.00,0.00,3.16
NOC-764ABD3349,,LZ00 25/22VERR  БРАВА ДОП.СЕКР.25/22 EU LZ,pcs,БР.,0.000,0.00,0.00,8.69
NOC-25AD200264,,КЛ04 156F 3     БРАВА КАЛЕ ДОП.КАС.3КЛ.156F,pcs,бр.,0.000,0.00,0.00,7.42
NOC-152C7B84D1,,КЛ04 156F 5     БРАВА КАЛЕ ДОП.КАС.5КЛ.156F,pcs,бр.,0.000,0.00,0.00,7.42
NOC-5ECECA6DB1,,0507  7950CP    БРАВА-ВЕНДА 35NB**,pcs,БР.,0.000,0.00,0.00,5.42
NOC-BC56259E4A,,0507  3082S     БРАВА-ВЕНДА AKARSAN**,pcs,БР.,0.000,0.00,0.00,6.39
NOC-88A368293F,,0507  V221CP    БРАВА-ВЕНДА AKARSAN**,pcs,БР.,0.000,0.00,0.00,3.32
NOC-4628BB3191,,0507  D101PB    БРАВА-ВЕНДА ДОПЪЛНИТ.ЖЪЛТА**,pcs,БР.,0.000,0.00,0.00,3.89
NOC-645F378A1A,,0507  V311CP    БРАВА-ВЕНДА КАСОВА,pcs,БР.,0.000,0.00,0.00,2.76
NOC-D4863CC6C1,,0507  04-6490   БРАВА-ВЕНДА ОБИКН.90мм**,pcs,БР.,0.000,0.00,0.00,2.48
NOC-2A70EAE19D,,0507  YHSO8     ВЕНДА-ДРЪЖКА LUX ОБИКН.**,pcs,БР.,0.000,0.00,0.00,12.68
NOC-80F6135238,,0507  YH01      ВЕНДА-ДРЪЖКА МЕРИЧ СЕКРЕТНА***,pcs,БР.,0.000,0.00,0.00,5.88
NOC-2E1122BB32,,СКМ7СК 3.5х25   ВИНТ ГИПСКАРТ.3.5х25 /1000/,box,КУТИЯ,0.000,0.00,0.00,3.83
NOC-7A784137C8,,СКМ7СК 3.5х35   ВИНТ ГИПСКАРТ.3.5х35/1000/,box,КУТИЯ,0.000,0.00,0.00,4.97
NOC-509E0542D4,,МР0140 50 500   ВИНТ ДЪРВО-М-4.0х 50/ 500бр.,box,КУТИЯ,0.000,0.00,0.00,3.50
NOC-1662F6CBB7,,МР0140 50 800   ВИНТ ДЪРВО-М-4.0х 50/ 800бр.,box,КУТИЯ,0.000,0.00,0.00,5.47
NOC-11CF23D078,,МР0140 50 1150  ВИНТ ДЪРВО-М-4.0х 50/1150бр.,box,КУТИЯ,0.000,0.00,0.00,7.87
NOC-29EB71B53E,,МР0140 55 500   ВИНТ ДЪРВО-М-4.0х 55/ 500бр.,box,КУТИЯ,0.000,0.00,0.00,3.83
NOC-16B023AA14,,МР0140 60 500   ВИНТ ДЪРВО-М-4.0х 60/ 500бр.,box,КУТИЯ,0.000,0.00,0.00,4.10
NOC-5848B551AF,,МР0140 60 600   ВИНТ ДЪРВО-М-4.0х 60/ 600бр.,box,КУТИЯ,0.000,0.00,0.00,5.65
NOC-BC5D3D0299,,МР0140 60 1200  ВИНТ ДЪРВО-М-4.0х 60/1200бр.,box,КУТИЯ,0.000,0.00,0.00,10.44
NOC-8B6959BF92,,МР0140 75 200   ВИНТ ДЪРВО-М-4.0х 75/ 200бр.,box,КУТИЯ,0.000,0.00,0.00,2.32
NOC-BCF6C5D11A,,МР0140 75 500S  ВИНТ ДЪРВО-М-4.0х 75/ 500бр.,box,КУТИЯ,0.000,0.00,0.00,6.51
NOC-44F405DFAD,,МР0140 80 200   ВИНТ ДЪРВО-М-4.0х 80/ 200бр.,box,КУТИЯ,0.000,0.00,0.00,2.56
NOC-479E5EA9A0,,МР0140 80 500   ВИНТ ДЪРВО-М-4.0х 80/ 500бр.,box,КУТИЯ,0.000,0.00,0.00,6.65
NOC-AACC338A3B,,МР0145 50 500   ВИНТ ДЪРВО-М-4.5х 50/ 500бр.,box,КУТИЯ,0.000,0.00,0.00,4.71
NOC-18F7BA9D03,,МР0145 60 500   ВИНТ ДЪРВО-М-4.5х 60/ 500бр.,box,КУТИЯ,0.000,0.00,0.00,5.62
NOC-D3DEEBE2E2,,МР0145 70 500   ВИНТ ДЪРВО-М-4.5х 70/ 500бр.,box,КУТИЯ,0.000,0.00,0.00,6.67
NOC-3718689158,,МР0150 30 500   ВИНТ ДЪРВО-М-5.0х 30/ 500бр.,box,КУТИЯ,0.000,0.00,0.00,3.86
NOC-18A12E7A90,,МР0150 35 500   ВИНТ ДЪРВО-М-5.0х 35/ 500бр.,box,КУТИЯ,0.000,0.00,0.00,4.35
NOC-7A521A135B,,МР0150 40 500   ВИНТ ДЪРВО-М-5.0х 40/ 500бр.,box,КУТИЯ,0.000,0.00,0.00,4.70
NOC-48635A3B1D,,МР0150 45 500   ВИНТ ДЪРВО-М-5.0х 45/ 500бр.,box,КУТИЯ,0.000,0.00,0.00,5.31
NOC-EED374789B,,МР0150 50 500   ВИНТ ДЪРВО-М-5.0х 50/ 500бр.,box,КУТИЯ,0.000,0.00,0.00,5.52
NOC-AA016310DC,,МР0150 60 250   ВИНТ ДЪРВО-М-5.0х 60/ 250бр.,box,КУТИЯ,0.000,0.00,0.00,3.50
NOC-91E2E5C2A7,,МР0150 60 500   ВИНТ ДЪРВО-М-5.0х 60/ 500бр.,box,КУТИЯ,0.000,0.00,0.00,6.93
NOC-013FB7F61D,,МР0150 70 500   ВИНТ ДЪРВО-М-5.0х 70/ 500бр.,box,КУТИЯ,0.000,0.00,0.00,7.71
NOC-0D155C0427,,МР0150 80 200   ВИНТ ДЪРВО-М-5.0х 80/ 200бр.,box,КУТИЯ,0.000,0.00,0.00,3.63
NOC-72135F6BB3,,МР0150 80 400   ВИНТ ДЪРВО-М-5.0х 80/ 400бр.,box,КУТИЯ,0.000,0.00,0.00,6.14
NOC-B5E4B2C488,,МР0150 80 480   ВИНТ ДЪРВО-М-5.0х 80/ 480бр.,box,КУТИЯ,0.000,0.00,0.00,7.16
NOC-5570080623,,МР0150 80 500   ВИНТ ДЪРВО-М-5.0х 80/ 500бр.,box,КУТИЯ,0.000,0.00,0.00,8.23
NOC-AB1A75BC25,,МР0150 90 500   ВИНТ ДЪРВО-М-5.0х 90/ 500бр.,box,КУТИЯ,0.000,0.00,0.00,10.11
NOC-3AFF16F4CD,,МР0160 40 500   ВИНТ ДЪРВО-М-6.0х 40/ 500бр.,box,КУТИЯ,0.000,0.00,0.00,7.06
NOC-7F8BF1B9FF,,МР0160 50 250   ВИНТ ДЪРВО-М-6.0х 50/ 250бр.,box,КУТИЯ,0.000,0.00,0.00,4.24
NOC-89E64D859E,,МР0160 50 500   ВИНТ ДЪРВО-М-6.0х 50/ 500бр.,box,КУТИЯ,0.000,0.00,0.00,8.49
NOC-D0E01BAC38,,МР0160 60 150   ВИНТ ДЪРВО-М-6.0х 60/ 150бр.,box,КУТИЯ,0.000,0.00,0.00,2.97
NOC-EE2E4B3DE6,,МР0160 60 250   ВИНТ ДЪРВО-М-6.0х 60/ 250бр.,box,КУТИЯ,0.000,0.00,0.00,5.11
NOC-1B86C7A350,,МР0160 70 250   ВИНТ ДЪРВО-М-6.0х 70/ 250бр.,box,КУТИЯ,0.000,0.00,0.00,5.94
NOC-84D3C4FA94,,МР0160 80 200   ВИНТ ДЪРВО-М-6.0х 80/ 200бр.,box,КУТИЯ,0.000,0.00,0.00,5.27
NOC-D427B2CFA6,,МР0160 80 250   ВИНТ ДЪРВО-М-6.0х 80/ 250бр.,box,КУТИЯ,0.000,0.00,0.00,7.12
NOC-C55856D490,,МР0160 80 300   ВИНТ ДЪРВО-М-6.0х 80/ 300бр.,box,КУТИЯ,0.000,0.00,0.00,7.31
NOC-B831DD8581,,МР0160 90 200   ВИНТ ДЪРВО-М-6.0х 90/ 200бр.,box,КУТИЯ,0.000,0.00,0.00,6.23
NOC-81B751C869,,СКМ7ВШП 4.2/13  ВИНТ САМОНАР.4.2х13 КОПЧЕ/1000,box,КУТИЯ,0.000,0.00,0.00,3.84
NOC-BD25E28844,,СКМ7СК 4.2х13   ВИНТ САМОПРОБИВЕН 4.2х13 /1000,pcs,БР.,0.000,0.00,0.00,6.01
NOC-58AF14BC83,,СКМ7СК 4.2х16   ВИНТ САМОПРОБИВЕН 4.2х16 /1000,pcs,БР.,0.000,0.00,0.00,6.75
NOC-045C0A57E0,,СКМ7СК 4.2х19   ВИНТ САМОПРОБИВЕН 4.2х19 /1000,pcs,БР.,0.000,0.00,0.00,7.31
NOC-F2D499D9CB,,СКМ7СК 4.2х25   ВИНТ САМОПРОБИВЕН 4.2х25 /1000,pcs,БР.,0.000,0.00,0.00,8.18
NOC-DB37588294,,СКМ7СК 4.2х32   ВИНТ САМОПРОБИВЕН 4.2х32 /1000,pcs,БР.,0.000,0.00,0.00,9.20
NOC-2C3BE1E7D8,,СИ00  138609    ВЛОЖКА ЗА АВТ.СВЕЩИ 1/2-21мм.,pcs,БР.,0.000,0.00,0.00,0.96
NOC-AE4504A6A2,,0501  79        Г-РА ЗА БОЙЛЕР ГОЛЯМА,pcs,БР.,0.000,0.00,0.00,0.00
NOC-51A06385AF,,0501  81        Г-РА ЗА БОЙЛЕР ЕЛИПСА,pcs,БР.,0.000,0.00,0.00,0.00
NOC-1E90E4F05E,,0801  0018      ГОТВ.ПЕЧ-АРПАЧ/НОВ МОДЕЛ/,pcs,БР,0.000,0.00,0.00,0.00
NOC-E8F4E061A2,,0801  0014      ГОТВ.ПЕЧ.KONFOR 1ф /Ч.ВР,pcs,БР,0.000,0.00,80.78,71.58
NOC-8FE1722CEE,,0801  0015      ГОТВ.ПЕЧ.KONFOR 1ф /Ч.ВР ЛЯВА,pcs,БР,0.000,0.00,74.14,74.14
NOC-D7F24916F1,,0801  0013      ГОТВ.ПЕЧ.KONFOR 1ф. /емайл.вр/,pcs,БР,0.000,0.00,0.00,0.00
NOC-EA810749EE,,0801  0010      ГОТВ.ПЕЧ.KONFOR 1ф. /ж.вр./,pcs,БР,0.000,0.00,0.00,0.00
NOC-D6046C15F2,,0801  0011      ГОТВ.ПЕЧ.KONFOR 2ф. /бели врат,pcs,БР,0.000,0.00,85.90,76.69
NOC-0181EFE72B,,0801  0012      ГОТВ.ПЕЧ.KONFOR 2ф. /емайл.вр/,pcs,БР,0.000,0.00,0.00,69.02
NOC-F095D11B09,,0801  0009      ГОТВ.ПЕЧ.PRESTIGE 1ф./кофи/,pcs,БР,0.000,0.00,0.00,0.00
NOC-18014D29D6,,0801  0006      ГОТВ.ПЕЧ.PRESTIGE 1ф./тухли/,pcs,БР,0.000,0.00,0.00,63.91
NOC-214C1343D5,,0801  0008      ГОТВ.ПЕЧ.PRESTIGE 2ф./кофи/,pcs,БР,0.000,0.00,0.00,0.00
NOC-1B97D63F80,,0801  0007      ГОТВ.ПЕЧ.PRESTIGE 2ф./тухли/,pcs,БР,0.000,0.00,0.00,66.47
NOC-6EC8C1F6E2,,0801  0004      ГОТВ.ПЕЧ.ЕХО,pcs,БР,0.000,0.00,0.00,0.00
NOC-4ADDE2FF88,,0801  0003      ГОТВ.ПЕЧКА,pcs,БР,0.000,0.00,0.00,0.00
NOC-763119F45D,,0801  0005      ГОТВ.ПЕЧКА СЕЛСКА MERS,pcs,БР,0.000,0.00,0.00,74.14
NOC-2318A4888F,,0801  0019      ГОТВ.ПЕЧКА ХОШСЕВЕН БЯЛА,pcs,БР,0.000,0.00,265.87,247.98
NOC-01D37CEC68,,0801  0020      ГОТВ.ПЕЧКА ХОШСЕВЕН КАФЯВА,pcs,БР,0.000,0.00,265.87,247.98
NOC-5A11FEA4A3,,0801  0016      ГОТВ.ПЕЧКА/ХОШСЕВЕН-4011,pcs,БР,0.000,0.00,0.00,104.81
NOC-C2B9B673FA,,0801  0017      ГОТВ.ПЕЧКА/ХОШСЕВЕН/-4003,pcs,БР,0.000,0.00,0.00,122.71
NOC-C5FD0DD013,,СТ03  132       ГОФРЕ Ф32-132 АСЕТ,pcs,бр.,0.000,0.00,0.00,0.46
NOC-AB30FD5867,,СТ03  108       ГОФРЕ Ф40-108 АСЕТ,pcs,бр.,0.000,0.00,0.00,0.46
NOC-1300211A08,,0501  83        ГРЕБЛО 5 ЗЪБА РУСКО,pcs,БР.,0.000,0.00,0.00,0.00
NOC-809B75459F,,МР04 115 1.0In  ДИСК РЯЗ.МЕТ.115х1.0 INOX/KARB,pcs,бр.,0.000,0.00,0.00,0.63
NOC-8A9C3A8FBB,,МР04 115 2.5М   ДИСК РЯЗ.МЕТ.115х2.5 KARBOSAN,pcs,бр.,0.000,0.00,0.00,0.48
NOC-D8D38D731B,,МР04 125 1.0In  ДИСК РЯЗ.МЕТ.125х1.0 INOX/KARB,pcs,бр.,0.000,0.00,0.00,0.78
NOC-6CE3E252CB,,МР04 125 2.5М   ДИСК РЯЗ.МЕТ.125х2.5 KARBOSAN,pcs,бр.,0.000,0.00,0.00,0.56
NOC-19170ECF57,,МР04 125 6.4М   ДИСК РЯЗ.МЕТ.125х6.4 KARBOSAN,pcs,бр.,0.000,0.00,0.00,1.00
NOC-1B8FC2CA73,,МР04 180 3.0М   ДИСК РЯЗ.МЕТ.180x3.0 KARBOSAN,pcs,бр.,0.000,0.00,0.00,0.86
NOC-48652C295D,,МР04 230 1.9М   ДИСК РЯЗ.МЕТ.230х1.9 KARBOSAN,pcs,бр.,0.000,0.00,0.00,1.56
NOC-0C9396C21E,,МР04 230 3.0М   ДИСК РЯЗ.МЕТ.230х3.0 KARBOSAN,pcs,бр.,0.000,0.00,0.00,1.08
NOC-099B3BB249,,СКМ7GKW 3.5/60  ДЮБ+ВИНТ 3.5х60 ПЕПЕРУДА/100бр,box,КУТИЯ,0.000,0.00,0.00,2.80
NOC-BF6072320A,,СКМ7LTX 10x 70  ДЮБ+ПИРОН ТОПЛ.10х 70/200бр.,box,КУТИЯ,0.000,0.00,0.00,6.89
NOC-0D0C146C27,,СКМ7LTX 10x 90  ДЮБ+ПИРОН ТОПЛ.10х 90/200бр.,box,КУТИЯ,0.000,0.00,0.00,7.34
NOC-4B5A175F7D,,СКМ7     8x 50  ДЮБ.БЕТОН ТОПЛ. 8х 50/ 500бр.,box,КУТИЯ,0.000,0.00,0.00,6.75
NOC-11F65C5573,,СКМ7     8x 70  ДЮБ.БЕТОН ТОПЛ. 8х 70/ 400бр.,box,КУТИЯ,0.000,0.00,0.00,7.16
NOC-0E6E9EFE41,,СКМ7     8x 90  ДЮБ.БЕТОН ТОПЛ. 8х 90/350бр.,box,КУТИЯ,0.000,0.00,0.00,5.27
NOC-4BA5CDA554,,СКМ7     8x110  ДЮБ.БЕТОН ТОПЛ. 8х110/250бр.,box,КУТИЯ,0.000,0.00,0.00,4.09
NOC-AFFA8AAD87,,СКМ7     8x130  ДЮБ.БЕТОН ТОПЛ. 8х130/ 700бр.,box,КУТИЯ,0.000,0.00,0.00,12.48
NOC-3D12555A38,,СКМ7    10x140  ДЮБ.МЕТАЛЕН ПИРОН 10/140/200бр,pcs,БР.,0.000,0.00,0.00,21.65
NOC-499FE0B941,,СКМ7    10x160  ДЮБ.МЕТАЛЕН ПИРОН 10/160/200бр,pcs,БР.,0.000,0.00,0.00,25.03
NOC-D16456CD1E,,СКМ7    10x180  ДЮБ.МЕТАЛЕН ПИРОН 10/180/200бр,pcs,БР.,0.000,0.00,0.00,27.97
NOC-43F5591C60,,СКМ7KPRP 8/ 65  ДЮБ.ТУХЛА+БОЛТ  8х 65/100,box,КУТИЯ,0.000,0.00,0.00,5.45
NOC-6211F945D3,,СКМ7KPRP 8/100  ДЮБ.ТУХЛА+БОЛТ  8х100/50,box,КУТИЯ,0.000,0.00,0.00,3.65
NOC-0222E1A036,,СКМ7KPRS10/ 80  ДЮБ.ТУХЛА+БОЛТ 10х 80/50,box,КУТИЯ,0.000,0.00,0.00,6.44
NOC-8BB81C5054,,СКМ7KPRS10/100  ДЮБ.ТУХЛА+БОЛТ 10х100/50,box,КУТИЯ,0.000,0.00,0.00,8.35
NOC-C08C1A2D5C,,СКМ7KPRS10/115  ДЮБ.ТУХЛА+БОЛТ 10х115/50,box,КУТИЯ,0.000,0.00,0.00,6.80
NOC-89AEBCCD13,,СКМ7KPRS10/120  ДЮБ.ТУХЛА+БОЛТ 10х120/50,box,КУТИЯ,0.000,0.00,0.00,11.01
NOC-264EB71140,,СКМ7KPRS10/140  ДЮБ.ТУХЛА+БОЛТ 10х140/50,box,КУТИЯ,0.000,0.00,0.00,12.70
NOC-EAB45ADB71,,СКМ7KPRS10/160  ДЮБ.ТУХЛА+БОЛТ 10х160/50,box,КУТИЯ,0.000,0.00,0.00,16.11
NOC-7CB90C14A2,,СКМ7KPRP 8/ 80  ДЮБ.ТУХЛА+ВИНТ  8х 80/ 50,box,КУТИЯ,0.000,0.00,0.00,3.17
NOC-E759FC8547,,СКМ7KPRP 8/120  ДЮБ.ТУХЛА+ВИНТ  8х120/ 50,box,КУТИЯ,0.000,0.00,0.00,4.44
NOC-446E90168A,,СКМ7KPRP 8/140  ДЮБ.ТУХЛА+ВИНТ  8х140/ 50,box,КУТИЯ,0.000,0.00,0.00,4.56
NOC-F12B65EC45,,СКМ7KPX-L 6/30  ДЮБ.УНИВЕРС. 6х30/1000бр.,box,КУТИЯ,0.000,0.00,0.00,3.20
NOC-26A884D5CB,,СКМ7KPX-L 8/50  ДЮБ.УНИВЕРС. 8х50/ 300бр.,box,КУТИЯ,0.000,0.00,0.00,2.94
NOC-CDA86ABE02,,СКМ7 6/ 40-200  ДЮБЕЛ ПИРОН  6х 40 ШИР.ЯКА/200,box,КУТИЯ,0.000,0.00,0.00,2.20
NOC-7EF2CFBF83,,СКМ7 6/ 50-200  ДЮБЕЛ ПИРОН  6х 50/ 200/ 8к.,box,КУТИЯ,0.000,0.00,0.00,2.86
NOC-94F20571DA,,СКМ7К6/ 40-200  ДЮБЕЛ ПИРОН  6х 60 ШИР.ЯКА/200,pcs,БР.,0.000,0.00,0.00,2.99
NOC-453CC51F05,,СКМ7 6/ 60-200  ДЮБЕЛ ПИРОН  6х 60/ 200/ 8к.,box,КУТИЯ,0.000,0.00,0.00,2.86
NOC-6CB910B3AB,,СКМ7 6/ 70-100  ДЮБЕЛ ПИРОН  6х 70/ 100/,box,КУТИЯ,0.000,0.00,0.00,1.53
NOC-8D7B6F8D3B,,СКМ7 6/ 80-100  ДЮБЕЛ ПИРОН  6х 80/ 100/12к.,box,КУТИЯ,0.000,0.00,0.00,2.02
NOC-008DE43BA4,,СКМ7К6/ 80-100  ДЮБЕЛ ПИРОН  6х 80/ 100/Ш.ЯКА,box,КУТИЯ,0.000,0.00,0.00,1.92
NOC-71EE952169,,СКМ7 8/ 60-100  ДЮБЕЛ ПИРОН  8х 60/ 100/ 8к.,box,КУТИЯ,0.000,0.00,0.00,2.71
NOC-FA7E79B701,,СКМ7 8/ 80-100  ДЮБЕЛ ПИРОН  8х 80/ 100/ 8к.,box,КУТИЯ,0.000,0.00,0.00,3.88
NOC-91FA41C441,,СКМ7 8/100-100  ДЮБЕЛ ПИРОН  8х100/ 100/ 6к.,box,КУТИЯ,0.000,0.00,0.00,4.43
NOC-CF529A1B1E,,СКМ7 8/120-100  ДЮБЕЛ ПИРОН  8х120/ 100/ 6к.,box,КУТИЯ,0.000,0.00,0.00,4.93
NOC-71C86E0D7B,,СКМ7 8/140-100  ДЮБЕЛ ПИРОН  8х140/ 100/ 6к.,box,КУТИЯ,0.000,0.00,0.00,5.96
NOC-5648EA20A1,,СКМ710/ 80- 50  ДЮБЕЛ ПИРОН 10х 80/  50/ 8к.,box,КУТИЯ,0.000,0.00,0.00,3.57
NOC-72F816B4BE,,СКМ710/100- 50  ДЮБЕЛ ПИРОН 10х100/  50/ 8к.,box,КУТИЯ,0.000,0.00,0.00,4.37
NOC-26B29E6125,,СКМ710/120- 50  ДЮБЕЛ ПИРОН 10х120/  50/ 8к.,box,КУТИЯ,0.000,0.00,0.00,5.25
NOC-4756DBEFEF,,СКМ710/140- 50  ДЮБЕЛ ПИРОН 10х140/  50/ 6к.,box,КУТИЯ,0.000,0.00,0.00,5.52
NOC-4CD2B1D385,,СКМ710/160- 50  ДЮБЕЛ ПИРОН 10х160/  50/ 6к.,box,КУТИЯ,0.000,0.00,0.00,5.85
NOC-2539140704,,СКМ710/180- 50  ДЮБЕЛ ПИРОН 10х180/  50/ 6к.,box,КУТИЯ,0.000,0.00,0.00,7.90
NOC-7571F01247,,СТ03  152       ЕКСЦЕНТРИК 152,pcs,бр.,0.000,0.00,0.00,0.72
NOC-EB30FFBDCB,,ГБЕЛСКБК        ЕЛ.СКАРА ГАБРО БЕЗ КАПАК,pcs,БР,0.000,0.00,12.78,8.95
NOC-0707396AB7,,ГБЕЛСКБК НЕРЪЖ  ЕЛ.СКАРА ГАБРО БЕЗ КАПАК НЕРЪЖ,pcs,БР,0.000,0.00,0.00,9.20
NOC-D528C8C345,,ГБЕЛСКСК        ЕЛ.СКАРА ГАБРО С КАПАК,pcs,БР,0.000,0.00,0.00,8.69
NOC-1510FD6FB5,,ГБЕЛСКСК НЕРЪЖ  ЕЛ.СКАРА ГАБРО С КАПАК НЕРЪЖДА,pcs,БР,0.000,0.00,0.00,9.97
NOC-3F1D6F1706,,СИ00  135229    К-Т ИНСТР.  38части ПРОФИ,pcs,БР.,0.000,0.00,0.00,19.26
NOC-409AE92BD3,,СИ00  135539    К-Т ИНСТР.  94части ПРОФИ,pcs,БР.,0.000,0.00,0.00,62.28
NOC-96681B8A54,,СИ00  135869    К-Т ИНСТР. 112части ПРОФИ,pcs,БР.,0.000,0.00,0.00,71.35
NOC-5CAF8B126B,,СИ00  135879    К-Т ИНСТР. 117части ПРОФИ,pcs,БР.,0.000,0.00,0.00,72.60
NOC-C062E21222,,СИ00  135829    К-Т ИНСТР. ШОФЬОРСКИ 24ч.-1/2,pcs,БР.,0.000,0.00,0.00,39.47
NOC-E7ED989679,,СИ00  135859    К-Т ИНСТР. ШОФЬОРСКИ 53ч.-1/2,pcs,БР.,0.000,0.00,0.00,38.35
NOC-3C34D9C84C,,04СИ433.021409  КЛАПА ЗА СИФОН тип сух и мокър,pcs,БР.,0.000,0.00,0.00,4.08
NOC-4869DB2E3B,,"СИ00  15611     КЛЮЧ ТРЪБЕН     1"" S-обр.челюс",pcs,БР.,0.000,0.00,0.00,6.90
NOC-C6E5FBB301,,"СИ00  15613     КЛЮЧ ТРЪБЕН 1 1/2"" S-обр.челюс",pcs,БР.,0.000,0.00,0.00,11.18
NOC-A774283546,,"ПФ02К  12       КОЛЯНО   1/2"" ПОЦ.",pcs,бр.,0.000,0.00,0.00,0.32
NOC-F18B6EF540,,"ПФ02К  34       КОЛЯНО   3/4"" ПОЦ.",pcs,бр.,0.000,0.00,0.00,0.37
NOC-2C1764274E,,ПФ02К1/2МЖ      КОЛЯНО М/Ж   1/2 ЦИНК,pcs,бр.,0.000,0.00,0.00,0.24
NOC-4D3343AE6C,,СИ00  67591     КОФА ПОЦИНКОВАНА 12л РУСКА,pcs,БР.,0.000,0.00,0.00,1.74
NOC-53C54BF700,,ОСДРП 5/14Т     КРУШКА ЕН. 5/827 E14-FDE NVC,pcs,БР.,0.000,0.00,0.00,1.52
NOC-DCB1927535,,ОСДРП 5/14С     КРУШКА ЕН. 5/840 E14-FDE NVC,pcs,БР.,0.000,0.00,0.00,1.52
NOC-0F72ACDE23,,ОСДРП 8/14Т     КРУШКА ЕН. 8/827 E14-FDE NVC,pcs,БР.,0.000,0.00,0.00,1.57
NOC-ADF917A7F3,,ОСДРП 8/27Т     КРУШКА ЕН. 8/827 E27-FTE NVC,pcs,БР.,0.000,0.00,0.00,1.52
NOC-7E8760FBFD,,ОСДРП 8/14С     КРУШКА ЕН. 8/843 E14-FDE NVC,pcs,БР.,0.000,0.00,0.00,1.57
NOC-1D514708CA,,ОСДРП 8/27С     КРУШКА ЕН. 8/843 E27-FTE NVC,pcs,БР.,0.000,0.00,0.00,1.52
NOC-8553E754E0,,ОСДРС 9/27Т     КРУШКА ЕН. 9/827 E27-FMS NVC,pcs,БР.,0.000,0.00,0.00,1.98
NOC-FD132CE951,,ОСДРС 9/27С     КРУШКА ЕН. 9/843 E27-FMS NVC,pcs,БР.,0.000,0.00,0.00,1.98
NOC-BFE6A6FEAC,,ОСДРП11/27Т     КРУШКА ЕН.11/827 E27-FTE NVC,pcs,БР.,0.000,0.00,0.00,1.57
NOC-CA8F7293ED,,ОСДРП11/27С     КРУШКА ЕН.11/843 E27-FTE NVC,pcs,БР.,0.000,0.00,0.00,1.57
NOC-7DD7814555,,ОСДРС13/27Т     КРУШКА ЕН.13/827 E27-FMS NVC,pcs,БР.,0.000,0.00,0.00,2.13
NOC-D1B41898DF,,ОСДРС13/27С     КРУШКА ЕН.13/843 E27-FMS NVC,pcs,БР.,0.000,0.00,0.00,2.13
NOC-62D6EDF4ED,,ОСДРП14/27Т     КРУШКА ЕН.14/827 E27-FTE NVC,pcs,БР.,0.000,0.00,0.00,1.62
NOC-551ADDCE06,,ОСДРС15/27Т     КРУШКА ЕН.15/827 E27-FMS NVC,pcs,БР.,0.000,0.00,0.00,2.18
NOC-FF1EB634A9,,ОСДРС18/27Т     КРУШКА ЕН.18/827 E27-FAS NVC,pcs,БР.,0.000,0.00,0.00,2.13
NOC-B8588532C0,,ОСДРП18/27Т     КРУШКА ЕН.18/827 E27-FTE NVC,pcs,БР.,0.000,0.00,0.00,1.78
NOC-2911E5665C,,ОСДРС18/27С     КРУШКА ЕН.18/843 E27-FAS NVC,pcs,БР.,0.000,0.00,0.00,2.13
NOC-80571C9945,,ОСДРП18/27С     КРУШКА ЕН.18/843 E27-FTE NVC,pcs,БР.,0.000,0.00,0.00,1.78
NOC-22F29DFBF6,,ОСДРС20/27Т     КРУШКА ЕН.20/827 E27-FMS NVC,pcs,БР.,0.000,0.00,0.00,2.23
NOC-F8FEDCE0EF,,ОСДРС20/27С     КРУШКА ЕН.20/843 E27-FMS NVC,pcs,БР.,0.000,0.00,0.00,2.23
NOC-969E43454C,,ОСДРС23/27Т     КРУШКА ЕН.23/827 E27-FMS NVC,pcs,БР.,0.000,0.00,0.00,2.74
NOC-18080D5E64,,ОСДРС23/27С     КРУШКА ЕН.23/843 E27-FMS NVC,pcs,БР.,0.000,0.00,0.00,2.74
NOC-5C8DAE02D8,,ОСДРП24/27Т     КРУШКА ЕН.24/827 E27-FTE NVC,pcs,БР.,0.000,0.00,0.00,2.02
NOC-C7D2CF5BE3,,ОСДРП24/27С     КРУШКА ЕН.24/843 E27-FTE NVC,pcs,БР.,0.000,0.00,0.00,2.02
NOC-429A5BB3D6,,СКМ714/190- 20  КУКА ЗА СКЕЛЕ С ДЮБ.14х190/20б,pcs,БР.,0.000,0.00,0.00,0.85
NOC-0435B7F91E,,СКМ714/230- 20  КУКА ЗА СКЕЛЕ С ДЮБ.14х230/20б,pcs,БР.,0.000,0.00,0.00,1.10
NOC-AC425754A7,,СТ01  320       ЛАЙСНА 320 ПРОФ.СТЪП.10х24сива,pcs,бр.,0.000,0.00,0.00,2.20
NOC-ECBCB4D1F4,,СТ01  321       ЛАЙСНА 321 ПРОФ.СТЪП.10х24 жъл,pcs,бр.,0.000,0.00,0.00,2.20
NOC-5F79F7D0D5,,СТ01  323       ЛАЙСНА 323 ВЪН.12мм сива л пол,pcs,бр.,0.000,0.00,0.00,2.56
NOC-AE2848BB7B,,СТ01  324       ЛАЙСНА 324 ВЪН. 6мм сива,pcs,бр.,0.000,0.00,0.00,0.92
NOC-218DB853B7,,СТ01  325       ЛАЙСНА 325 ЗАВЪРШВ. U сив,pcs,бр.,0.000,0.00,0.00,1.81
NOC-FFBA8FE423,,СТ01  326       ЛАЙСНА 326 ЗАВЪРШВ. U жълт,pcs,бр.,0.000,0.00,0.00,1.81
NOC-28E32FDA99,,СТ01  328       ЛАЙСНА 328 ПРЕХОД Т 30мм жълт,pcs,бр.,0.000,0.00,0.00,2.07
NOC-2C0F45E761,,СТ01  329       ЛАЙСНА 329 ВЪН.12мм сива лукс,pcs,бр.,0.000,0.00,0.00,2.01
NOC-65931A4439,,СТ01  330       ЛАЙСНА 330 ВЪН.12мм жълта лукс,pcs,бр.,0.000,0.00,0.00,2.01
NOC-79A3126CF7,,СТ01  331       ЛАЙСНА 331 ВЪН.12мм жълта л.по,pcs,бр.,0.000,0.00,0.00,2.51
NOC-5B08721EB0,,СТ01  333       ЛАЙСНА 333 ВЪТ.12мм жълта поли,pcs,бр.,0.000,0.00,0.00,2.62
NOC-625F00255A,,СТ01  334       ЛАЙСНА 334 СТЪПАЛО F жълта пол,pcs,бр.,0.000,0.00,0.00,2.45
NOC-88478A6FEC,,СТ01  335       ЛАЙСНА 335 СТЪПАЛО G жълта пол,pcs,бр.,0.000,0.00,0.00,3.02
NOC-8238984700,,СТ01  336       ЛАЙСНА 336 ВЪТ.10мм жълта поли,pcs,бр.,0.000,0.00,0.00,2.05
NOC-CBFDE80109,,СТ01  337       ЛАЙСНА 337 ПРЕХОД дъга 4см бро,pcs,бр.,0.000,0.00,0.00,3.32
NOC-42A6D0BFCB,,СТ01  338       ЛАЙСНА 338 ВЪН.10мм жълта л.по,pcs,бр.,0.000,0.00,0.00,2.10
NOC-760C94B38F,,СТ01  370       ЛАЙСНА 370 ВЪН. 6мм жълта,pcs,бр.,0.000,0.00,0.00,0.92
NOC-EC9BBAAE97,,СТ01  371       ЛАЙСНА 371 ВЪН.10мм жълта поли,pcs,бр.,0.000,0.00,0.00,1.53
NOC-CA541055A9,,СТ01  372       ЛАЙСНА 372 СТЪП.10х24 бронз,pcs,бр.,0.000,0.00,0.00,3.04
NOC-ABFFC6352C,,СТ01  373       ЛАЙСНА 373 СТЪП.12мм сива,pcs,бр.,0.000,0.00,0.00,1.99
NOC-267F5A1033,,СТ01  374       ЛАЙСНА 374 СТЪП.12мм жълта,pcs,бр.,0.000,0.00,0.00,1.99
NOC-B75C3E8681,,СТ01  375       ЛАЙСНА 375 СТЪП.12мм бронз,pcs,бр.,0.000,0.00,0.00,2.69
NOC-9658E23476,,СТ01  376       ЛАЙСНА 376 СТЪП.12мм бронз пол,pcs,бр.,0.000,0.00,0.00,2.83
NOC-11B24A6522,,СТ01  377       ЛАЙСНА 377 ЗАВЪРШВ. U бронз,pcs,бр.,0.000,0.00,0.00,2.69
NOC-A70221EDFC,,СТ01  378       ЛАЙСНА 378 ВИНКЕЛ 15х15 бронз,pcs,бр.,0.000,0.00,0.00,2.41
NOC-878BA9DF25,,СТ01  379       ЛАЙСНА 379 ВИНКЕЛ 20х20бронз,pcs,бр.,0.000,0.00,0.00,2.69
NOC-5A89171FE4,,СТ01  380       ЛАЙСНА 380 ВИНКЕЛ 25х25бронз,pcs,бр.,0.000,0.00,0.00,3.58
NOC-AC68E4210D,,СТ01  381       ЛАЙСНА 381 ВИНКЕЛ 30х30 бронз,pcs,бр.,0.000,0.00,0.00,3.93
NOC-FD6273058A,,СТ01  382       ЛАЙСНА 382 ВИНКЕЛ 15х15сив пол,pcs,бр.,0.000,0.00,0.00,2.28
NOC-DCC4CDEF0F,,СТ01  383       ЛАЙСНА 383 ВИНКЕЛ 15х15жълт по,pcs,бр.,0.000,0.00,0.00,2.28
NOC-1B4BFD9A96,,СТ01  384       ЛАЙСНА 384 ВИНКЕЛ 20х20сив пол,pcs,бр.,0.000,0.00,0.00,2.69
NOC-64BB064F39,,СТ01  385       ЛАЙСНА 385 ВИНКЕЛ 20х20жълт по,pcs,бр.,0.000,0.00,0.00,2.69
NOC-85814E03DA,,СТ01  386       ЛАЙСНА 386 ВИНКЕЛ 25х25сив пол,pcs,бр.,0.000,0.00,0.00,3.32
NOC-7D3C351F8B,,СТ01  387       ЛАЙСНА 387 ВИНКЕЛ 25х25жълт по,pcs,бр.,0.000,0.00,0.00,3.07
NOC-1E111F5064,,СТ01  388       ЛАЙСНА 388 ВИНКЕЛ 30х30сив пол,pcs,бр.,0.000,0.00,0.00,3.80
NOC-2E46E5313B,,СТ01  389       ЛАЙСНА 389 ВИНКЕЛ 30х30жълт по,pcs,бр.,0.000,0.00,0.00,3.80
NOC-2310C92646,,СТ01  390       ЛАЙСНА 390 СТЪП. сива полирана,pcs,бр.,0.000,0.00,0.00,2.90
NOC-EA5A50611E,,СТ01  391       ЛАЙСНА 391 ПРОФ.СТЪП.10х24ж.по,pcs,бр.,0.000,0.00,0.00,2.90
NOC-127154F127,,СТ01  393       ЛАЙСНА 393 ПРЕХОД Т 15мм ж.пол,pcs,бр.,0.000,0.00,0.00,2.35
NOC-B02CB3B14E,,СТ01  394       ЛАЙСНА 394 ВЪТ.12мм бронз,pcs,бр.,0.000,0.00,0.00,2.62
NOC-7D1004F6F0,,СТ01  395       ЛАЙСНА 395 СТЪП.10мм ж.лукс по,pcs,бр.,0.000,0.00,0.00,2.48
NOC-8661EE8D2D,,СТ01  396       ЛАЙСНА 396 ПРЕХОД Т 30мм бронз,pcs,бр.,0.000,0.00,0.00,2.83
NOC-094C7D94AB,,СТ01  413       ЛАЙСНА 413 ВЪН.ЪГЪЛ 8мм сатен,pcs,бр.,0.000,0.00,1.02,0.98
NOC-A4CCFAEEFF,,СТ01  415       ЛАЙСНА 415 ВЪН.10мм бронз лук,pcs,бр.,0.000,0.00,0.00,2.35
NOC-018ACA74D4,,СТ01  416       ЛАЙСНА 416 ВЪН.10мм бронз л.по,pcs,бр.,0.000,0.00,0.00,2.35
NOC-9ABE80AE7B,,СТ01  417       ЛАЙСНА 417 СТЪП.С 10мм бронз л,pcs,бр.,0.000,0.00,0.00,2.48
NOC-3CDE646D8C,,СТ01  418       ЛАЙСНА 418 СТЪП.С 10мм бр.л.по,pcs,бр.,0.000,0.00,0.00,2.62
NOC-906DEF8300,,СТ01  419       ЛАЙСНА 419 ВЪН.10мм С сива лук,pcs,бр.,0.000,0.00,0.00,1.43
NOC-A8B6AB8A37,,СТ01  420       ЛАЙСНА 420 ВЪТР.10мм бронз лук,pcs,бр.,0.000,0.00,0.00,2.56
NOC-C28FF5243C,,СТ01  421       ЛАЙСНА 421 ВЪТР.10мм бронз пол,pcs,бр.,0.000,0.00,0.00,2.97
NOC-AE965231E3,,СТ01  426       ЛАЙСНА 426 ЗАВ.ПРОФИЛ 10мм сив,pcs,бр.,0.000,0.00,0.00,1.48
NOC-3312407044,,СТ01  427       ЛАЙСНА 427 ЗАВ.ПРОФИЛ 12мм сив,pcs,бр.,0.000,0.00,0.00,1.66
NOC-03335180BD,,СТ01  428       ЛАЙСНА 428 ВЪТ.12мм сива,pcs,бр.,0.000,0.00,0.00,1.78
NOC-3D20F99C78,,СТ01  429       ЛАЙСНА 429 ПРЕХОД Т 15мм сива,pcs,бр.,0.000,0.00,0.00,1.63
NOC-1A4A95F681,,СТ01  430       ЛАЙСНА 430 ПРЕХОД Т 15мм жълта,pcs,бр.,0.000,0.00,0.00,1.63
NOC-FAB2FCE2D9,,СТ01  432       ЛАЙСНА 432 ВИНКЕЛ 15х15 сив ск,pcs,бр.,0.000,0.00,0.00,1.49
NOC-DAE579A464,,СТ01  433       ЛАЙСНА 433 ВИНКЕЛ 15х15жълт ск,pcs,бр.,0.000,0.00,0.00,1.43
NOC-B29E913346,,СТ01  435       ЛАЙСНА 435 ВИНКЕЛ 25х25жълт ск,pcs,бр.,0.000,0.00,0.00,2.48
NOC-1B5907D3F6,,СТ01  441       ЛАЙСНА 441 ВИНКЕЛ 2/2 сатен,pcs,бр.,0.000,0.00,0.00,1.99
NOC-939F2DE344,,СТ01  444       ЛАЙСНА 444 ВЪН.12мм сива,pcs,бр.,0.000,0.00,0.00,1.16
NOC-2FC5EED34A,,СТ01  447       ЛАЙСНА 447 СТЪП.сатен лукс,pcs,бр.,0.000,0.00,0.00,2.36
NOC-6465420741,,СТ01  449       ЛАЙСНА 449 ВЪН.10мм сива лукс,pcs,бр.,0.000,0.00,0.00,2.10
NOC-AE827DE26E,,СТ01  452       ЛАЙСНА 452 ПРЕХОД Т сатен,pcs,бр.,0.000,0.00,0.00,1.46
NOC-684008688B,,СТ01  463       ЛАЙСНА 463 ВЪН.10мм сива полир,pcs,бр.,0.000,0.00,0.00,1.53
NOC-AC6CD7DC84,,СТ01  464       ЛАЙСНА 464 ВЪТ.10мм сива полир,pcs,бр.,0.000,0.00,0.00,2.05
NOC-A352016810,,СТ01  465       ЛАЙСНА 465 ВЪН. 8мм сива полир,pcs,бр.,0.000,0.00,0.00,1.53
NOC-3185A9B849,,СТ01  467       ЛАЙСНА 467 СТЪП.С 10мм сива по,pcs,бр.,0.000,0.00,0.00,2.30
NOC-86DA8DE199,,СТ01  495       ЛАЙСНА 495  СТЪПАЛО F сива,pcs,бр.,0.000,0.00,0.00,1.85
NOC-F398191894,,СТ01  497       ЛАЙСНА 497 ЗАВ.ПРОФИЛ  8мм сив,pcs,бр.,0.000,0.00,0.00,1.48
NOC-3AD10D2498,,СТ01  498       ЛАЙСНА 498 СТЪП.F сива полиран,pcs,бр.,0.000,0.00,0.00,2.56
NOC-600EA2713A,,СТ01  499       ЛАЙСНА 499 ВЪН.10мм сива лукс,pcs,бр.,0.000,0.00,0.00,1.76
NOC-7CC18A0B1D,,СТ01  533       ЛАЙСНА 533 ВИНКЕЛ 15х15жълт пр,pcs,бр.,0.000,0.00,0.00,1.43
NOC-A9CCC31F03,,СТ01  534       ЛАЙСНА 534 ВИНКЕЛ 20х20сив пра,pcs,бр.,0.000,0.00,0.00,1.73
NOC-C49C6D7758,,СТ01  536       ЛАЙСНА 536 ВИНКЕЛ 25х25сив пра,pcs,бр.,0.000,0.00,0.00,2.66
NOC-815FBB321B,,СТ01  537       ЛАЙСНА 537 ВИНКЕЛ 25х25жълт пр,pcs,бр.,0.000,0.00,0.00,2.66
NOC-AB2DDBEB96,,СТ01  538       ЛАЙСНА 538 ВИНКЕЛ 30х30сив пра,pcs,бр.,0.000,0.00,0.00,2.43
NOC-13761BDF62,,СТ01  539       ЛАЙСНА 539 ВИНКЕЛ 30х30жълт пр,pcs,бр.,0.000,0.00,0.00,2.43
NOC-8056474243,,СТ01  540       ЛАЙСНА 540 ВИНКЕЛ 40х40сив пра,pcs,бр.,0.000,0.00,0.00,4.09
NOC-9D6E5CCADA,,СТ01  541       ЛАЙСНА 541 ВИНКЕЛ 40х40жълт пр,pcs,бр.,0.000,0.00,0.00,4.09
NOC-F928A21E8F,,СТ01  542       ЛАЙСНА 542  СТЪПАЛО F сива12мм,pcs,бр.,0.000,0.00,0.00,2.51
NOC-6182748C83,,СТ02 411- 0     ЛАЙСНА ЕДНОЦВ.ВЪН.БЯЛА,pcs,бр.,0.000,0.00,0.00,0.42
NOC-5FC2A86480,,СТ02 411- 2     ЛАЙСНА ЕДНОЦВ.ВЪН.САХАРА,pcs,бр.,0.000,0.00,0.00,0.42
NOC-01F54EF84D,,СТ02 422- 2     ЛАЙСНА ЕДНОЦВ.ВЪТР.САХАРА,pcs,бр.,0.000,0.00,0.00,0.35
NOC-F43D2177A4,,0309 PL 11W     М.ЕНЕРГ.ЛАМПА 11W 220-240V,pcs,БР.,0.000,0.00,0.00,0.56
NOC-FAD3A3CC7F,,0309 HL  8811   М.ЕНЕРГ.ЛАМПА 11W/E27-Т2.5,pcs,БР.,0.000,0.00,0.00,0.00
NOC-0CAE45CC15,,0309 HL 8811    М.ЕНЕРГ.ЛАМПА 11W/E27-Т2.8,pcs,БР.,0.000,0.00,0.00,1.93
NOC-4DE076457F,,0309 HL 8211    М.ЕНЕРГ.ЛАМПА 11W/Е14 6400К,pcs,БР.,0.000,0.00,0.00,1.35
NOC-A6D436EF4D,,0309 PLC 13W    М.ЕНЕРГ.ЛАМПА 13W 220-240V,pcs,БР.,0.000,0.00,0.00,0.80
NOC-98A60F0B9A,,0309 HL 8815    М.ЕНЕРГ.ЛАМПА 15W/E14-СПИРАЛА,pcs,БР.,0.000,0.00,0.00,0.00
NOC-880E35B24D,,0309 HL 8315    М.ЕНЕРГ.ЛАМПА 15W/E27-ОБИКН,pcs,БР.,0.000,0.00,0.00,1.88
NOC-9FF987048F,,0309 PLC 18W    М.ЕНЕРГ.ЛАМПА 18W 220-240V,pcs,БР.,0.000,0.00,0.00,0.80
NOC-3BEB1152AD,,0309 PLC 26W    М.ЕНЕРГ.ЛАМПА 26W 220-240V,pcs,БР.,0.000,0.00,0.00,0.72
NOC-1174C401EA,,0309 PL 9W      М.ЕНЕРГ.ЛАМПА 9W 220-240V,pcs,БР.,0.000,0.00,0.00,0.51
NOC-3109D88F29,,0309 HL 8209    М.ЕНЕРГ.ЛАМПА 9W/Е27,pcs,БР.,0.000,0.00,0.00,1.35
NOC-06FA408F9F,,0309 HL 2001    М.ЛУМ.ТЯЛО 13W T5-БЯЛО,pcs,БР.,0.000,0.00,0.00,0.00
NOC-EEAE06354B,,0309 6068- 25   М.ПЛАФОН SEMBOL-БЯЛ,pcs,БР.,0.000,0.00,0.00,0.00
NOC-F61DA84474,,СИ00  570069    МАРКУЧ ЗА ВЪЗДУХ СПИРАЛА 15м.,pcs,БР.,0.000,0.00,0.00,4.19
NOC-5685EE6D36,,CHВЕSH2000/800  МАСА-ПИЦАРСКА SH2000/800***,pcs,БР,4.000,843.63,1763.96,1763.96
NOC-2C1CD01A8D,,0501  82        МАСАТ,pcs,БР.,0.000,0.00,0.00,0.00
NOC-A7E7A1DC41,,0301  10        МОТОР ЗА ДЮНЕР FB 1274,pcs,БР.,2.000,53.17,76.69,76.69
NOC-8E48B4F0D1,,MPЕЖ   1м       МРЕЖА     1М   1/2х1      25м.,bundle,ТОП,0.000,0.00,55.37,55.37
NOC-DD5888BE94,,MPЕЖ    1м      МРЕЖА     1М   1х1        25м.,bundle,ТОП,99.000,38.35,69.00,69.00
NOC-8C24D5D199,,MPЕЖ     1м     МРЕЖА     1М   1х2        25м.,bundle,ТОП,0.000,0.00,27.71,27.71
NOC-3ACF2D7DB6,,MPЕЖ  1м        МРЕЖА     1М   3/4х3/4    25м.,bundle,ТОП,0.000,0.00,71.58,71.58
NOC-27E3898EA9,,MPЕЖ   1.2м     МРЕЖА    1.2М   1/2х1     25м.,bundle,ТОП,0.000,0.00,65.96,65.96
NOC-2C4C592B1D,,MPЕЖ 1.2м       МРЕЖА    1.2М   1/2х1/2   25м.,bundle,ТОП,0.000,0.00,88.56,88.56
NOC-499231BBF4,,MPЕЖ    1.2м    МРЕЖА    1.2М   1х1       25м.,bundle,ТОП,0.000,0.00,44.33,44.33
NOC-4EB087EE6F,,MPЕЖ     1.2м   МРЕЖА    1.2М   1х2       25м.,bundle,ТОП,0.000,0.00,33.23,33.23
NOC-7C963B6E7F,,MPЕЖ  1.2м      МРЕЖА    1.2М   3/4х3/4   25м.,bundle,ТОП,0.000,0.00,55.99,55.99
NOC-F308C33000,,MPЕЖ  0.5       МРЕЖА   0.5М   1/2х1      25м.,bundle,ТОП,26.000,13.04,38.35,38.35
NOC-99D886F52B,,MPЕЖ0.5         МРЕЖА   0.5М   1/2х1/2    25м.,bundle,ТОП,0.000,0.00,51.13,51.13
NOC-2B42621CAA,,MPЕЖ   0.5      МРЕЖА   0.5М   1х1        25м.,bundle,ТОП,0.000,0.00,25.56,25.56
NOC-63214F6DF7,,MPЕЖ    0.5     МРЕЖА   0.5М   1х2        25м.,bundle,ТОП,0.000,0.00,25.56,25.56
NOC-43DD95619E,,MPЕЖ 0.5        МРЕЖА   0.5М   3/4х3/4    25м.,bundle,ТОП,0.000,0.00,23.31,23.31
NOC-DAA9A60EFF,,MPЕЖ    0.6     МРЕЖА   0.6М   1/2х1      25м.,bundle,ТОП,16.000,14.57,46.02,46.02
NOC-79EE81C11E,,MPЕЖ   0.6      МРЕЖА   0.6М   1/2х1/2    25м.,bundle,ТОП,0.000,0.00,61.36,61.36
NOC-44E1B8901D,,MPЕЖ 0.6        МРЕЖА   0.6М   1х1        25м.,bundle,ТОП,0.000,0.00,30.68,30.68
NOC-D18F9FB808,,MPЕЖ0.6         МРЕЖА   0.6М   1х2        25м.,bundle,ТОП,0.000,0.00,30.68,30.68
NOC-247D113BB1,,MPЕЖ  0.6       МРЕЖА   0.6М   3/4х3/4    25м.,bundle,ТОП,0.000,0.00,27.97,27.97
NOC-F66B4219FA,,MPЕЖ  0.8       МРЕЖА   0.8М   1/2х1      25м.,bundle,ТОП,0.000,0.00,44.30,44.30
NOC-FEDFCCC548,,MPЕЖ0.8         МРЕЖА   0.8М   1/2х1/2    25м.,bundle,ТОП,0.000,0.00,59.06,59.06
NOC-242099E26B,,MPЕЖ   0.8      МРЕЖА   0.8М   1х1        25м.,bundle,ТОП,0.000,0.00,29.53,29.53
NOC-7D0BAAAC1A,,MPЕЖ    0.8     МРЕЖА   0.8М   1х2        25м.,bundle,ТОП,0.000,0.00,22.17,22.17
NOC-DB62BE220B,,MPЕЖ 0.8        МРЕЖА   0.8М   3/4х3/4    25м.,bundle,ТОП,0.000,0.00,37.30,37.30
NOC-613EF650C1,,MPЕЖ 0.4        МРЕЖА  0.4М  1/2х1,bundle,ТОП,0.000,0.00,22.15,22.15
NOC-A7190A80EB,,MPЕЖ   0.4      МРЕЖА  0.4М  1/2х1/2,bundle,ТОП,0.000,0.00,29.53,29.53
NOC-1FD795A45E,,MPЕЖ0.4         МРЕЖА  0.4М  1х1,bundle,ТОП,0.000,0.00,14.77,14.77
NOC-A0528CC610,,MPЕЖ    0.4     МРЕЖА  0.4М  1х2,bundle,ТОП,0.000,0.00,11.08,11.08
NOC-9758A58E83,,MPЕЖ  0.4       МРЕЖА  0.4М  3/4х3/4,bundle,ТОП,0.000,0.00,0.00,0.00
NOC-6E3135E77F,,ЙОМР65/65/150   МРЕЖА ОГРАДНА 65/65/150 Ф1.8,pcs,БР.,0.000,0.00,0.00,0.00
NOC-30CF96E580,,"ПФ02М   1       МУФА 1    "" ПОЦ.",pcs,бр.,0.000,0.00,0.00,0.47
NOC-78A23FA02A,,"ПФ02М   1 1/4   МУФА 1 1/4"" ПОЦ.",pcs,бр.,0.000,0.00,0.00,0.73
NOC-0AB52B6921,,"ПФ02М   3       МУФА 3    "" ПОЦ.",pcs,бр.,0.000,0.00,0.00,7.64
NOC-F56CF4BA07,,"ПФ02МН  34      МУФА-НИПЕЛ   3/4"" ПОЦ.",pcs,бр.,0.000,0.00,0.00,0.56
NOC-9FF301FE3E,,04СИ433.026159  НАСТАВКА 150х150х50мм неръжд.р,pcs,БР.,0.000,0.00,0.00,6.39
NOC-C6B8B3F26C,,"ПФ02НП  12      НИПЕЛ   1/2"" ПОЦ.",pcs,бр.,0.000,0.00,0.00,0.29
NOC-1450668296,,"ПФ02НП  34      НИПЕЛ   3/4"" ПОЦ.",pcs,бр.,0.000,0.00,0.00,0.34
NOC-56F4FCE26A,,"ПФ02НП   1      НИПЕЛ 1    "" ПОЦ.",pcs,бр.,0.000,0.00,0.00,0.46
NOC-6191CAC85A,,"ПФ02НПМ 12/34   НИПЕЛ НАМ.  3/4""х  1/2"" ЦИНК",pcs,бр.,0.000,0.00,0.00,0.59
NOC-E86CC17B76,,"СТ03  522       ОГЛЕДАЛО ""CONCORDE"" ОВАЛ",pcs,бр.,0.000,0.00,0.00,3.58
NOC-ED75C28C10,,"СТ03  522-1     ОГЛЕДАЛО ""PELUXE"" ОВАЛ",pcs,бр.,0.000,0.00,0.00,3.58
NOC-5CAD34E412,,"СТ03  526       ОГЛЕДАЛО ""ПРАКТИКА"" с аксесоар",pcs,бр.,0.000,0.00,0.00,5.11
NOC-D84277B57C,,СТ03  201       ОГЛЕДАЛО 43х53 201,pcs,бр.,0.000,0.00,0.00,6.14
NOC-8A2DDDC272,,СТ03  202       ОГЛЕДАЛО 45х60 202,pcs,бр.,0.000,0.00,0.00,6.14
NOC-7E6E24E19B,,СТ03  508       ОГЛЕДАЛО ЕЛИПСА,pcs,бр.,0.000,0.00,0.00,3.07
NOC-DA5259E873,,АМПЛПАЛЕТИ      ПАЛЕТИ,pcs,БР,0.000,0.00,3.07,3.07
NOC-971EA3FCD2,,ГБЕЛПРТГ        ПАРТИ ГРИЛ ГАБРО 800W,pcs,БР,0.000,0.00,0.00,8.44
NOC-169A9B491F,,МР03 PL 3A      ПЛАНКА ТРИЪГ. 130/60-PL 3A,pcs,бр.,0.000,0.00,0.00,0.09
NOC-EDA7FF1B62,,CHTLYYYY        ПЛАТНИЩЕ NEW 3Х4.5,pcs,БР,0.000,0.00,0.00,0.00
NOC-FF36CBA267,,"СТ03  149       ПОПЛАВЪК 3/8""-149 АСЕТ",pcs,бр.,0.000,0.00,0.00,2.20
NOC-41F90E0703,,ПФ0125/20/25    ППР-ТРОЙНИК РЕД.Ф25/20/25,pcs,бр.,0.000,0.00,0.00,0.15
NOC-002BA09D5B,,CHВЕPRINT       ПРИНТЕР ЗА ЛЕПАЧКА KS600,pcs,БР,3.000,49.42,71.58,71.58
NOC-C8A7F6DE76,,СИ00  652128    РАЗПРЪСКВАЧ 9ф.750мм.PALISAD,pcs,БР.,0.000,0.00,0.00,4.24
NOC-BFA1721D97,,"ПФ02ВРН 34- 12  РЕДУКТИВ ВРН   3/4""-  1/2""",pcs,бр.,0.000,0.00,0.31,0.31
NOC-CEA4C3C874,,04СИ433.001159  РЕШЕТКА НЕРЪЖД.150х150х1мм М,pcs,БР.,0.000,0.00,0.00,5.78
NOC-D883BF639D,,СИ00  704899    СВР.ДЪРВО 32мм.ТВЪРДОСПЛ.ПЛАСТ,pcs,БР.,0.000,0.00,0.00,1.69
NOC-7E75E62D17,,СИ00  704069    СВР.ДЪРВО К-Т/6бр/ПЛОСКИ 10-25,pcs,БР.,0.000,0.00,0.00,4.14
NOC-766E2FC0AF,,СИ00  701289    СВР.ДЪРВО СПИРАЛА 25х460мм.,pcs,БР.,0.000,0.00,0.00,4.27
NOC-0994B5A0C6,,СИ00  701309    СВР.ДЪРВО СПИРАЛА 32х460мм.,pcs,БР.,0.000,0.00,0.00,7.36
NOC-B60070A20E,,04СИ4320.04510  СИФ.ПРАВ ф110 РР-250х250х95мм,pcs,БР.,0.000,0.00,0.00,14.32
NOC-195E326B46,,04СИ4321.04610  СИФ.ПРАВ ф110 РР-300х300х95мм,pcs,БР.,0.000,0.00,0.00,18.82
NOC-FF223A1663,,"04СИ2400.94К    СИФ.ПРАВ ф50 PVC-INOX ""К""Н45",pcs,БР.,0.000,0.00,0.00,5.73
NOC-0AE81E19BE,,"04СИ2400.92К    СИФ.ПРАВ ф50 PVC-INOX ""К""Н66",pcs,БР.,0.000,0.00,0.00,5.73
NOC-41938E0AE8,,"04СИ2400.94     СИФ.ПРАВ ф50 PVC-INOX ""Ф""Н45",pcs,БР.,0.000,0.00,0.00,5.73
NOC-882ABE1368,,"04СИ2400.92     СИФ.ПРАВ ф50 PVC-INOX ""Ф""Н66",pcs,БР.,0.000,0.00,0.00,5.73
NOC-1761397B1C,,04СИ4314.06450  СИФ.ПРАВ ф50 РР/ABS h=51,pcs,БР.,0.000,0.00,0.00,7.03
NOC-02E4A44078,,04СИ4306.11050  СИФ.ПРАВ ф50 РР/SS h=51,pcs,БР.,0.000,0.00,0.00,4.32
NOC-7AA8FABD8A,,04СИ4313.11150  СИФ.ПРАВ ф50 РР/SS h=51,pcs,БР.,0.000,0.00,0.00,7.03
NOC-02080502D0,,04СИ4311.06632  СИФ.РОГ.ф32 РР/ABSh=65авт.затв,pcs,БР.,0.000,0.00,0.00,8.08
NOC-4584192BC5,,04СИ4301.11432  СИФ.РОГ.ф32 РР/SS h=45,pcs,БР.,0.000,0.00,0.00,4.32
NOC-F06D93FA8E,,04СИ4302.11532  СИФ.РОГ.ф32 РР/SS h=65,pcs,БР.,0.000,0.00,0.00,4.32
NOC-E0699D5D84,,04СИ4304.11032  СИФ.РОГ.ф32 РР/SS h=65авт.затв,pcs,БР.,0.000,0.00,0.00,5.88
NOC-157DE95F03,,04СИ4307.06932  СИФ.РОГ.ф32 РР/SS h=65авт.затв,pcs,БР.,0.000,0.00,0.00,8.08
NOC-43543A957E,,04СИ4309.11132  СИФ.РОГ.ф32 РР/SS h=65авт.затв,pcs,БР.,0.000,0.00,0.00,8.08
NOC-0A326BC4F0,,"04СИ2400.91К    СИФ.РОГ.ф50 PVC-INOX ""К""",pcs,БР.,0.000,0.00,0.00,5.73
NOC-4FB711DB95,,"04СИ2400.91     СИФ.РОГ.ф50 PVC-INOX ""Ф""",pcs,БР.,0.000,0.00,0.00,5.73
NOC-D9D8CF977F,,04СИ4312.06650  СИФ.РОГ.ф50 РР/ABSh=65авт.затв,pcs,БР.,0.000,0.00,0.00,8.08
NOC-D0883E9DF4,,04СИ4303.11550  СИФ.РОГ.ф50 РР/SS h=65,pcs,БР.,0.000,0.00,0.00,4.32
NOC-A7C1B12E07,,04СИ4305.11050  СИФ.РОГ.ф50 РР/SS h=65авт.затв,pcs,БР.,0.000,0.00,0.00,5.88
NOC-0002F8C2FF,,04СИ4308.06950  СИФ.РОГ.ф50 РР/SS h=65авт.затв,pcs,БР.,0.000,0.00,0.00,8.08
NOC-20C68AA8FD,,04СИ4310.11150  СИФ.РОГ.ф50 РР/SS h=65авт.затв,pcs,БР.,0.000,0.00,0.00,8.08
NOC-D4ADEA7672,,04СИ4319.04470  СИФ.РОГ.ф75 РР-200х200х115,pcs,БР.,0.000,0.00,0.00,15.34
NOC-38EC23ADCC,,СТ03  143       СИФОН ГЪВК. ф32 ДВОЕН 143,pcs,бр.,0.000,0.00,0.00,3.07
NOC-0A9685BC0B,,СТ03  127       СИФОН ГЪВК. ф32 ДВОЕН с пр.127,pcs,бр.,0.000,0.00,0.00,3.35
NOC-B7B2015B3D,,СТ03  142       СИФОН ГЪВК.ф110 ДВОЕН-142,pcs,бр.,9.000,9.20,15.34,15.34
NOC-CCEDCB68E0,,СТ03  184       СИФОН ГЪВК.ф110 с ЧАШКА,pcs,БР.,18.000,4.60,9.20,9.20
NOC-1A5802515A,,СТ03  185       СИФОН ГЪВК.ф110 с гофре ф32,pcs,бр.,15.000,3.58,9.20,9.20
NOC-22CB7D7523,,СТ03  139       СИФОН ЗА МИВКА 139 С ИЗВОД АСЕ,pcs,бр.,0.000,0.00,0.00,1.84
NOC-CC70BA5C91,,СТ03  133       СИФОН ЗА МИВКА ПВЦ 133 АСЕТ,pcs,бр.,0.000,0.00,0.00,1.74
NOC-18E4988D1E,,СТ03  121       СИФОН ЗА ПИСОАР 121,pcs,бр.,0.000,0.00,0.00,0.89
NOC-39AC19DE1B,,СТ03  178       СИФОН ЧАШКА с отцед.с изв-178,pcs,бр.,0.000,0.00,0.00,2.84
NOC-6B77C921CD,,СТ03  160       СИФОН ЧАШКА с прелив.с изв-160,pcs,бр.,0.000,0.00,0.00,2.84
NOC-58143BCC6D,,СТ03  176       СИФОН ЧАШКА ф110 с гофре ф32,pcs,бр.,0.000,0.00,10.23,10.23
NOC-664FC1CFE4,,СТ03  175       СИФОН ЧАШКА ф110прел.сизв-175,pcs,бр.,0.000,0.00,0.00,5.06
NOC-650C9B89D1,,СТ03  181       СИФОН ЧАШКА+гофре с отцед.-181,pcs,бр.,0.000,0.00,0.00,3.07
NOC-861BFDA2CD,,СТ03  180       СИФОН ЧАШКА+гофре с прелив-180,pcs,бр.,0.000,0.00,0.00,3.07
NOC-BEEEE715D0,,СТ03  183       СИФОН ЧАШКА+гофре ф110отцед183,pcs,бр.,0.000,0.00,0.00,5.27
NOC-14A648CC63,,СТ03  182       СИФОН ЧАШКА+гофре ф110прел.182,pcs,бр.,0.000,0.00,0.00,5.27
NOC-6CD1B5464A,,CGМОМОД         СКЕЛЕ CAGSAN МОДУЛ L,pcs,БР,2.000,99.70,143.16,143.16
NOC-DAF057D47C,,CGМОСП          СКЕЛЕ CAGSAN СПЪНКА ДИАГОНАЛ,pcs,БР,8.000,24.03,39.88,39.88
NOC-435BF319D5,,CGМОСП ХОР      СКЕЛЕ CAGSAN СПЪНКА ХОРИЗОНТАЛ,pcs,БР,2.000,21.99,36.81,36.81
NOC-45FA6BAA53,,CGМО OZCB       СКЕЛЕ ДИАГОНАЛИ ЗА ФАС.СКЕЛЕ,pcs,БР,0.000,0.00,0.00,0.00
NOC-C898F0D8FB,,CHTLYYY         СКЕЛЕТ ЗА ШАТРА NEW 3Х4.5,pcs,БР,0.000,0.00,0.00,0.00
NOC-F0586BD54D,,СКМ7 BODB БЯЛ   СТОПЕР ВРАТА БЯЛ/5бр/30бр.,pcs,БР.,0.000,0.00,0.00,0.31
NOC-7C8C7329F7,,СКМ7 BODB КАФ   СТОПЕР ВРАТА КАФ/5бр/30бр.,pcs,БР.,0.000,0.00,0.00,0.33
NOC-A02D25BA83,,СКМ7 BODB СИВ   СТОПЕР ВРАТА СИВ/5бр/30бр.,pcs,БР.,0.000,0.00,0.00,0.31
NOC-48011F0A32,,СКМ7 BODB ЧЕР   СТОПЕР ВРАТА ЧЕР/5бр/30бр.,pcs,БР.,0.000,0.00,0.00,0.31
NOC-5F5B81A6E0,,CGСТ TS 60-50   СТЪЛБА CAGSAN 2х8 Extension,pcs,БР,0.000,0.00,112.48,112.48
NOC-D4255F05FC,,CGСТ CM 60x110  СТЪЛБА CAGSAN ТАВ.ДЪРВ.60х110,pcs,БР,0.000,0.00,145.72,145.72
NOC-7FB931ECF8,,CGСТ CM 60x120  СТЪЛБА CAGSAN ТАВ.ДЪРВ.60х120,pcs,БР,0.000,0.00,145.72,145.72
NOC-025AAAB64F,,CGСТ CM 70x110  СТЪЛБА CAGSAN ТАВ.ДЪРВ.70х110,pcs,БР,0.000,0.00,145.72,145.72
NOC-F6BD8B0D1C,,CGСТ CM 70x 90  СТЪЛБА CAGSAN ТАВАНСКА 70х 90,pcs,БР,0.000,0.00,299.62,299.62
NOC-53280AB232,,CGСТ CM 70x100  СТЪЛБА CAGSAN ТАВАНСКА 70х100,pcs,БР,0.000,0.00,297.29,297.29
NOC-CFE0821A64,,"СИ00  41003     ТАКЕР РЕГ.6-16мм-53,13,300 GRO",pcs,БР.,0.000,0.00,0.00,10.63
NOC-060852A5E4,,"ПФ02ТП  12      ТАПА      1/2"" ПОЦ.",pcs,бр.,0.000,0.00,0.00,0.21
NOC-36518F11B9,,"ПФ02ТП  1       ТАПА    1    "" ПОЦ.",pcs,бр.,0.000,0.00,0.00,0.28
NOC-35AA64B54A,,СТ04  103       ТОАЛ.КАЗАНЧЕ `ЕФЕС` ГОРНО 103,pcs,бр.,0.000,0.00,7.67,7.16
NOC-F584734036,,СТ04  193       ТОАЛ.КАЗАНЧЕ ЪГЛОВО ДОЛЕН МОНТ,pcs,бр.,0.000,0.00,13.55,13.04
NOC-C4DCC966D2,,"СТ04  164       ТОАЛ.КАЗАНЧЕ""АЛФА""ДОЛЕН МОНТ.",pcs,бр.,0.000,0.00,10.12,10.12
NOC-0555107102,,"СТ04  191       ТОАЛ.КАЗАНЧЕ""БЕТА""ДОЛЕН МОНТ.",pcs,бр.,0.000,0.00,10.58,10.23
NOC-3CC9C9BEBA,,"СТ04  101       ТОАЛ.КАЗАНЧЕ""ДЕНИЗ""ДОЛЕН МОНТ.",pcs,бр.,0.000,0.00,10.99,10.48
NOC-C1AB3540EB,,"СТ04  192       ТОАЛ.КАЗАНЧЕ""НИЛ""ДОЛЕН МОНТ.",pcs,бр.,0.000,0.00,15.29,14.32
NOC-5DB5415ABF,,"ПФ02ТР  34      ТРОЙНИК   3/4"" ПОЦ.",pcs,бр.,0.000,0.00,0.00,0.51
NOC-F4FA91C820,,"ПФ02ТР  1       ТРОЙНИК 1    "" ПОЦ.",pcs,бр.,0.000,0.00,0.00,0.73
NOC-96CB7219D8,,0201  11        ФРИТЮРНИК MUHLER 3L,pcs,БР.,0.000,0.00,33.23,33.23
NOC-6F28580832,,СИ00  104509    ЧУК КОЗИ КРАК 450гр.ФИБРО ДР.,pcs,БР.,0.000,0.00,0.00,3.32
NOC-0378BB8435,,СКМ7ТDX  060    ШАЙБА ВАТА ЗА ДЪРВО/600,pcs,БР.,0.000,0.00,0.00,0.02
NOC-65388D7BD0,,CHTLY250..      ШАТРА 3х3 ОРАНЖ Y250.МАНДАРИНА,pcs,БР,0.000,0.00,0.00,0.00
NOC-477D311249,,CHTLY250.       ШАТРА 3х3 ОРАНЖ Y250.ПОРТОКАЛ,pcs,БР,0.000,0.00,0.00,0.00
