microinvest_code,name_bg,unit_raw,unit,quantity,purchase_price
03090019,22003 МАКЕЛ КЛЮЧ 2-ен МИМОЗА,БР.,pcs,45.000,1.21
03090067,22005 МАКЕЛ КЛЮЧ ДЕВ.МИМОЗА,БР.,pcs,84.000,1.24
03090078,22007 МАКЕЛ БУКСА ТV МИМОЗА,БР.,pcs,6.000,1.28
03090072,22010 МАКЕЛ КЛЮЧ ЗВЪНЕЦ МИМОЗА,БР.,pcs,14.000,0.81
03090128,22012 РАМКА ДВОЙНА *,БР.,pcs,4.000,0.69
03090129,22013 РАМКА ТРОЙНА *,БР.,pcs,17.000,0.98
03090071,22014 МАКЕЛ БУКСА ТЕЛЕФ.МИМОЗА,БР.,pcs,15.000,0.82
03090073,22019 КОНТАКТ УПС МИМОЗА *,БР.,pcs,17.000,0.85
03090020,22021 МАКЕЛ КЛЮЧ 1-ен св.МИМОЗ,БР.,pcs,62.000,1.31
03090074,22023 МАКЕЛ КЛЮЧ 2-ен св.МИМОЗ,БР.,pcs,20.000,1.16
03090068,22025 МАКЕЛ КЛЮЧ ДЕВ.св.МИМОЗА,БР.,pcs,7.000,0.93
03090080,22026 КЛЮЧ ДВОЕН ДЕВЯТОР МИМО*,БР.,pcs,9.000,1.24
03090024,22092 МАКЕЛ КЛЮЧ ТРИКЛ.3+3 *,БР.,pcs,7.000,1.02
03090066,32001 КЛЮЧ КРЕМ МИМОЗА *,БР.,pcs,14.000,0.98
03090065,32003 КЛЮЧ КРЕМ ДВОЕН МИМОЗА*,БР.,pcs,7.000,0.93
03090147,32004 КЛЮЧ КРЕМ СТЪЛБ.МИМОЗА*,БР.,pcs,9.000,1.10
03090079,32010 КЛЮЧ КРЕМ ЗВЪНЕЦ МИМОЗА,БР.,pcs,2.000,0.81
03090064,32025 КЛЮЧ КРЕМ ЕД СВЕТ ДЕВЯТ*,БР.,pcs,15.000,0.93
03090081,32028 КОНТАКТ КРЕМ МИМОЗА,БР.,pcs,2.000,1.21
03090025,45101 МАКЕЛ КЛЮЧ 1-ЕН О/И,БР.,pcs,15.000,0.73
03090148,55001 МАКЕЛ КЛЮЧ 1-ен БЯЛ,БР.,pcs,27.000,1.06
03090152,55003 МАКЕЛ КЛЮЧ 2-ен БЯЛ,БР.,pcs,15.000,1.30
03090149,55005 МАКЕЛ КЛЮЧ ДЕВ.БЯЛ,БР.,pcs,31.000,1.18
03090088,63002 MAKEL ТАБЛО 2КА СКРИТ М*,БР.,pcs,6.000,1.75
03090026,63004 MAKEL ТАБЛО 4 СКРИТ МОН*,БР.,pcs,1.000,2.07
03090144,63116 MAKEL ТАБЛО 16 ОТКРИТ М*,БР.,pcs,4.000,6.64
03090036,63124 MAKEL ТАБЛО 24 ОТКР.МОН*,БР.,pcs,3.000,10.45
03090037,63136 MAKEL ТАБЛО 36 ОТКР.МОН*,БР.,pcs,1.000,11.71
04040046,6и9 ДЪРЖАЧ ЗА ЧАША *,БР.,pcs,7.000,2.99
04040050,6и9 ПРЪЧКА ЗА ХАВЛИЯ 45см.МАЛ*,БР.,pcs,2.000,3.65
04040051,6и9 ПРЪЧКА ЗА ХАВЛИЯ 55см.ГОЛ*,БР.,pcs,3.000,3.98
04040045,6и9 САПУНЕРКА СТЪКЛО *,БР.,pcs,8.000,2.99
04040049,6и9 ЧЕТКА ЗА WC СТЪКЛО *,БР.,pcs,2.000,3.98
03090038,71001 МАКЕЛ КЛЮЧ 1-ен ЛИЛИУМ,БР.,pcs,72.000,1.01
03090039,71003 МАКЕЛ КЛЮЧ 2-ен ЛИЛИУМ,БР.,pcs,78.000,1.24
03090040,71005 МАКЕЛ КЛЮЧ ДЕВ.ЛИЛИУМ,БР.,pcs,20.000,1.24
03090062,71007 МАКЕЛ БУКСА ТV ЛИЛИУМ,БР.,pcs,5.000,1.26
03090060,71010 МАКЕЛ КЛЮЧ ЗВЪНЕЦ ЛИЛИУМ,БР.,pcs,5.000,0.81
03090130,71011 ПОТЕНЦИОМЕТЪР,БР.,pcs,3.000,6.66
03090132,71013 РАМКА ТРОЙНА,БР.,pcs,8.000,0.98
03090059,71023 МАКЕЛ КЛЮЧ 2-ен св.ЛИЛИУ,БР.,pcs,5.000,1.16
03090050,71026 КЛЮЧ ДВОЕН ДЕВЯТОР ЛИЛИМ,БР.,pcs,9.000,1.24
03090142,71035 РОЗЕТКА КОМПЛ.+ГНЕЗД.ЛИЛ,БР.,pcs,5.000,3.46
03090042,71082 МАКЕЛ КОНТАКТ 2-ен ЛИЛИУ,БР.,pcs,1.000,1.65
03090061,71171 МАКЕЛ КЛЮЧ БОЙЛЕР ЛИЛИУМ,БР.,pcs,9.000,0.80
03090045,71201 МАКЕЛ КЛЮЧ 1-ен КРЕМ ЛИЛ,БР.,pcs,13.000,0.98
03090063,71203 МАКЕЛ КЛЮЧ 2-ен КРЕМ ЛИЛ,БР.,pcs,15.000,1.21
03090055,71204 МАКЕЛ КЛЮЧ СТЪЛБИЩЕ ЛИЛИ,БР.,pcs,7.000,0.76
03090146,71211 ПОТЕНЦИОМЕТЪР КРЕМ ЛИЛИ*,БР.,pcs,3.000,6.52
03090135,71212 РАМКА ДВОЙНА,БР.,pcs,10.000,0.51
03090134,71213 РАМКА ТРОЙНА,БР.,pcs,11.000,0.73
03090057,71214 МАКЕЛ БУКСА ТЕЛЕФ.ЛИЛИУМ,БР.,pcs,3.000,0.82
05070301,"АВТОМАТ ЗА ВРАТА""HEKTOR""**",БР.,pcs,1.000,7.67
CHК4003,АНТЕНА СТАЙНА БЯЛА М4-3**,БР,pcs,28.000,0.68
05070477,АНУБА  9х30 ЖЪЛТ ЦИНК /250/,БР.,pcs,61.000,0.18
05070476,АНУБА  9х30 ЦИНК /250/,БР.,pcs,12.000,0.16
05070479,АНУБА 13х42 ЖЪЛТ ЦИНК /100/,БР.,pcs,59.000,0.22
05070478,АНУБА 13х42 ЦИНК /100/,БР.,pcs,30.000,0.22
05070480,АНУБА 14х48 ЖЪЛТ ЦИНК /100/,БР.,pcs,55.000,0.23
05070483,АНУБА 16х52 ЖЪЛТ ЦИНК /50/,БР.,pcs,41.000,0.32
05070482,АНУБА 16х52 ЦИНК /50/,БР.,pcs,48.000,0.32
03050055,АП  6А-SCHNAIDER**,БР.,pcs,10.000,2.21
03050040,АП 10А-SCHNAIDER**,БР.,pcs,12.000,1.95
03050405,АП 10А-SCHNAIDER**3-ФАЗЕН,БР.,pcs,5.000,5.11
03050041,АП 16А-SCHNAIDER**,БР.,pcs,5.000,1.95
03050408,АП 16А-SCHNAIDER**2-ЕН,БР.,pcs,1.000,2.30
03050317,АП 16А-SCHNAIDER-3N/трифазен/*,БР.,pcs,3.000,6.17
03050159,АП 20А-SCHNAIDER**,БР.,pcs,2.000,1.95
03050407,АП 20А-SCHNAIDER**2-ЕН,БР.,pcs,4.000,2.56
03050406,АП 20А-SCHNAIDER**3-ФАЗЕН,БР.,pcs,4.000,5.11
03050409,АП 25А-SCHNAIDER**2-ЕН,БР.,pcs,1.000,3.07
03050507,АП 32А-SCHNAIDER 2-ЕН**,БР.,pcs,6.000,4.09
03050506,АП 40А-SCHNAIDER 2-ЕН**,БР.,pcs,4.000,4.09
03050046,АП 40А-SCHNAIDER**,БР.,pcs,28.000,2.27
03050045,АП 50А-SCHNAIDER**,БР.,pcs,6.000,3.34
03050044,АП 63А-SCHNAIDER**,БР.,pcs,6.000,4.04
0403 157,АСЕТ-АРМАТУРА ГОЛД 3/6л**,БР.,pcs,9.000,9.43
0403 154,АСЕТ-АРМАТУРА ГОЛД**,БР.,pcs,8.000,6.14
0403 150,АСЕТ-АРМАТУРА С БУТОН**,БР.,pcs,3.000,6.65
0403 130,АСЕТ-ВЪЗВРАТЕН КЛАПАН Ф110**,БР.,pcs,1.000,17.90
0403 131,АСЕТ-ВЪЗВРАТЕН КЛАПАН Ф160**,БР.,pcs,1.000,20.45
0403 141,АСЕТ-ВЪЗВРАТЕН КЛАПАН Ф200**,БР.,pcs,2.000,50.11
0403 129,АСЕТ-КЛАПАН ЗА WC**,БР.,pcs,23.000,0.51
01010012,БВГ ЕДНОКРАТНА 190гр.**,БР.,pcs,25.000,0.51
07010722,БИДОН 220л ЗА ФУРАЖИ,БР.,pcs,26.000,5.37
07010488,БИДОН 8л ВТОРА УПОТРЕБА,БР.,pcs,102.000,0.51
03030038,БОЙЛЕРНО ТАБЛО/Н.КИРОВ/-3наК**,БР.,pcs,6.000,5.76
05020233,БОРКОРОНА ЗА БЕТОН 80х350мм**,БР.,pcs,9.000,5.73
CHК6003,БОТУШ ВИСОК N-41  М6-151,БР,pcs,17.000,2.64
CHК6009,БОТУШ ВИСОК N-47  М6-157,БР,pcs,13.000,2.64
05060125,БОТУШИ ГУМЕНИ N41-къси,БР.,pcs,8.000,4.09
05060168,БОТУШИ ГУМЕНИ N46-къси,БР.,pcs,1.000,4.09
05060144,БОТУШИ ДЪЛГИ 40**,БР.,pcs,1.000,4.35
05060138,БОТУШИ КЪСИ С ВАТА N40**,БР.,pcs,8.000,5.62
05060139,БОТУШИ КЪСИ С ВАТА N41**,БР.,pcs,9.000,5.62
05060188,БОТУШИ КЪСИ С ВАТА N46**,БР.,pcs,2.000,5.62
05070603,БРАВА ВЕНДА WC.70 ЖЪЛТА**,БР.,pcs,4.000,2.44
0507-572.60-3M,БРАВА ДАФ КАСОВА ЗА БЛИНД.ВР**,БР.,pcs,3.000,9.71
0507-510.40-70,БРАВА ДАФ СЕКРЕТ.70ММ-ЗЛАТО**,БР.,pcs,12.000,4.18
0507-522.40R70,БРАВА ДАФ СЕРВ.WC 70ММ-ЗЛАТО**,БР.,pcs,10.000,2.93
0507-522.35-PD,БРАВА ДАФ СЕРВ.ЗА PVC.ВР.35М**,БР.,pcs,8.000,2.75
0507-522.35-D,БРАВА ДАФ СЕРВ.ЗА АЛ.В.WC-ХР**,БР.,pcs,10.000,2.75
СН0185,БРАВА К-Т 85/35+КЛ.30/40 NI,БР.,pcs,7.000,5.61
СН0185Д,БРАВА К-Т 85/35+КЛ.30/40+ДР.,БР.,pcs,5.000,9.70
КЛ01 166ARWC,БРАВА КАЛЕ 70/40 WC ЕЗИК,бр.,pcs,24.000,2.76
0507  V221CP,БРАВА-ВЕНДА AKARSAN**,БР.,pcs,34.000,2.83
05070602,БРАВА-ВЕНДА WC.70 САТЕН**,БР.,pcs,4.000,2.44
05020576,БУРГИЯ DIAGER PRO 12мм.**,БР.,pcs,15.000,2.46
05020573,БУРГИЯ DIAGER PRO 3мм.**,БР.,pcs,19.000,0.86
05020486,БУРГИЯ DIAGER PRO 4**,БР.,pcs,25.000,1.02
05020481,БУРГИЯ DIAGER PRO 5**,БР.,pcs,12.000,1.13
05020605,БУРГИЯ DIAGER PRO 5/150мм.**,БР.,pcs,24.000,2.42
05020575,БУРГИЯ DIAGER PRO 8/150мм.**,БР.,pcs,5.000,2.42
05020787,БУРГИЯ DIAGER STANDART 10/200*,БР.,pcs,4.000,2.26
05020480,БУРГИЯ DIAGER STANDART 12**,БР.,pcs,8.000,1.31
05020835,БУРГИЯ DIAGER STANDART 16/200*,БР.,pcs,10.000,3.80
05020577,БУРГИЯ DIAGER STANDART 3мм.**,БР.,pcs,13.000,0.51
05020581,БУРГИЯ DIAGER STANDART 6/200м*,БР.,pcs,2.000,1.52
05020583,БУРГИЯ DIAGER STANDART 8/200м*,БР.,pcs,2.000,1.66
05020739,БУРГИЯ SDS 12х210 GFB,БР.,pcs,8.000,0.61
05020738,БУРГИЯ SDS 12х260 GFB,БР.,pcs,11.000,0.72
05020737,БУРГИЯ SDS 12х260 OKR,БР.,pcs,2.000,0.72
05020736,БУРГИЯ SDS 14x350 OKR,БР.,pcs,1.000,1.18
05020735,БУРГИЯ SDS 14х350 RAIDER,БР.,pcs,1.000,1.18
05020464,БУРГИЯ SDS+10/160 БЕТОН/DIAGE*,БР.,pcs,8.000,2.42
05020465,БУРГИЯ SDS+10/210 БЕТОН/DIAGE*,БР.,pcs,2.000,3.73
05020467,БУРГИЯ SDS+10/310 БЕТОН/DIAGE*,БР.,pcs,6.000,5.80
05020468,БУРГИЯ SDS+12/160 БЕТОН/DIAGE*,БР.,pcs,17.000,3.11
05020470,БУРГИЯ SDS+12/260 БЕТОН/DIAGE*,БР.,pcs,14.000,5.71
05020471,БУРГИЯ SDS+12/310 БЕТОН/DIAGE*,БР.,pcs,5.000,7.32
05020488,БУРГИЯ SDS+14/160 БЕТОН/DIAGE*,БР.,pcs,2.000,5.14
05020487,БУРГИЯ SDS+14/210 БЕТОН/DIAGE*,БР.,pcs,4.000,6.03
05020661,БУРГИЯ SDS+14/260 БЕТОН DIAGE*,БР.,pcs,2.000,6.26
05020663,БУРГИЯ SDS+16/210 БЕТОН DIAGE*,БР.,pcs,4.000,6.84
05020664,БУРГИЯ SDS+16/260 БЕТОН DIAGE*,БР.,pcs,2.000,7.47
05020462,БУРГИЯ SDS+5/160 БЕТОН/DIAGER*,БР.,pcs,12.000,2.46
05020623,БУРГИЯ SDS+5/210 БЕТОН/DIAGER*,БР.,pcs,8.000,3.32
05020463,БУРГИЯ SDS+6/110 БЕТОН/DIAGER*,БР.,pcs,3.000,1.74
05020584,БУРГИЯ SDS+8/260 БЕТОН/DIAGER*,БР.,pcs,4.000,4.28
05020869,БУРГИЯ SPARKY SDS 12х100**,БР.,pcs,29.000,1.02
05020868,БУРГИЯ SPARKY SDS 16х250**,БР.,pcs,22.000,1.79
05010585,БУТАЛО ЗА 16л.ПРЪСКАЧКА**,БР.,pcs,47.000,3.07
03050020,БУТОН ЗВЪНЕЦ/Н.КИРОВ/-бял**,БР.,pcs,99.000,0.43
03050213,БУТОН ЗВЪНЕЦ/Н.КИРОВ/-черен**,БР.,pcs,98.000,0.43
03010005,БЪРЗОВАР-1kw/СОФИЯ/**,БР.,pcs,2.000,3.58
CH12029,ВАКУМ СИЛИКОНОВ ЗЕЛЕН  МТ-97,БР,pcs,94.000,0.66
05060018,ВАКУУМ ЗА МРЪСЕН КАНАЛ 135мм.*,БР.,pcs,48.000,0.32
01020060,"ВВН ""IGT""ДАНИЯ-ВИСОКО*",БР.,pcs,2.000,5.37
01020056,ВВН YB-150 СИВ MURAT,БР.,pcs,2.000,5.11
01010132,ВВН КОНКУРЕНТ,БР.,pcs,114.000,4.60
01010217,ВВН СИВ СОПОТ,БР.,pcs,13.000,2.30
01010047,"ВВН""СТАРГАЗ""",БР.,pcs,48.000,2.81
05070609-GP,ВЕНДА-ПАНТА 12см 5х3х3 ЖЪЛТО**,БР.,pcs,21.000,1.87
05070609-PN,ВЕНДА-ПАНТА 12см 5х3х3 САТЕН**,БР.,pcs,20.000,1.87
05070609-NP,ВЕНДА-ПАНТА 12см 5х3х3 ХРОМ**,БР.,pcs,17.000,1.91
05070608-CP,ВЕНДА-ПАНТА 7см 3х2.5х2.5 ХР**,БР.,pcs,1.000,1.48
05070608-GP,ВЕНДА-ПАНТА 7см 3х2.5х2.5ЖЪЛ**,БР.,pcs,17.000,1.48
05070608-СХ,ВЕНДА-ПАНТА 7см. САТЕН С ОРН**,БР.,pcs,48.000,1.20
05070615,ВЕНДА-ПАНТА АНУБА РЕГУЛИРАЩА**,БР.,pcs,10.000,1.63
04040205,ВЕНКО-1 -СТОЙКА ЗА АКСЕСОАРИ**,БР.,pcs,19.000,2.05
04040203,ВЕНКО-10-ЛАМПА**,БР.,pcs,35.000,2.56
04040204,ВЕНКО-11-САПУНЕРКА С ГЪБА**,БР.,pcs,52.000,1.28
04040206,ВЕНКО-13-ДРЪЖКА 3 ЧАСТИ**,БР.,pcs,36.000,3.07
04040217,ВЕНКО-14-ДРЪЖКА ЗА ЧЕТКА**,БР.,pcs,23.000,4.09
04040216,ВЕНКО-18-К-Т ЗА ПОЧИСТВ.2ЧАС**,БР.,pcs,2.000,5.11
04040214,ВЕНКО-19-ПАРЦАЛИ**,БР.,pcs,99.000,0.51
04040207,ВЕНКО-2 -СТОЙКА ЗА РУЛО-Т.Х.**,БР.,pcs,72.000,2.05
04040215,ВЕНКО-20-РЕЗЕРВ.ГЪБА ЗА СТОЙ**,БР.,pcs,168.000,0.51
04040209,ВЕНКО-3 -СТОЙКА ЗА ШАМП.ГОЛЯ**,БР.,pcs,3.000,2.56
04040208,ВЕНКО-4 -СТОЙКА ЗА ШАМП.МАЛК**,БР.,pcs,13.000,2.05
04040201,ВЕНКО-5 -ЕТАЖЕРКА ТРОЙНА,БР.,pcs,2.000,4.60
04040210,ВЕНКО-6 -КОШНИЦА ЗА БАНЯ**,БР.,pcs,12.000,2.56
04040211,ВЕНКО-8 -СТОЙКА ЗА WC ЧЕТКА**,БР.,pcs,69.000,1.53
07010037,ВЕТРОВКА L,БР.,pcs,6.000,7.67
CHСН079,ВИКО КЛЮЧ ДВОЕН,БР,pcs,361.000,0.37
CHСН078,ВИКО КЛЮЧ СВЕТЕЩ ДЕВИАТОР,БР,pcs,34.000,0.43
05030187,ВОДЕН НИВЕЛ 20м**,БР.,pcs,4.000,3.77
03050090,ВРЪТКА/Н.КИРОВ/-0..4-бяла,БР.,pcs,68.000,0.18
03050085,ВРЪТКА/Н.КИРОВ/-0..4-черна**,БР.,pcs,49.000,0.17
07010728,ВЪЖЕ АЛПИНИСКО 20м Ф 8**,БР.,pcs,12.000,1.53
CH12032,ВЪЖЕ ДОМАКИНСКО  МТ-100,БР,pcs,190.000,0.43
07010696,ВЪЖЕ ДОМАКИНСКО 100м.**,БР.,pcs,2.000,2.53
07010689,ВЪЖЕ ДОМАКИНСКО 10м.**,БР.,pcs,12.000,0.25
07010690,ВЪЖЕ ДОМАКИНСКО 15м.**,БР.,pcs,17.000,0.38
07010694,ВЪЖЕ ДОМАКИНСКО 40м.**,БР.,pcs,28.000,1.01
07010695,ВЪЖЕ ДОМАКИНСКО 50м.**,БР.,pcs,37.000,1.27
07010688,ВЪЖЕ ДОМАКИНСКО 5м.**,БР.,pcs,93.000,0.15
07010310,ВЪЖЕ ЗА ПРОСТОР 10м L-10**,БР.,pcs,29.000,0.20
07010702,ВЪЖЕ КОРДЕЛО Ф1мм.-ЦВЕТНО,БР.,pcs,10.000,0.72
07010703,ВЪЖЕ КОРДЕЛО Ф1мм.-ЯРКО,БР.,pcs,20.000,0.92
07010701,ВЪЖЕ ПАРАФИНИР.КАНАП 1ООм.,БР.,pcs,9.000,0.92
07010707,ВЪЖЕ ПЕК Ф10мм./100м./**,ТОП,bundle,1.000,37.84
070101102,ВЪЖЕ ПЕК Ф4мм/300м./**,БР.,pcs,1.000,22.50
07010705,ВЪЖЕ ПЕК Ф5мм/250м./**,ТОП,bundle,1.000,33.75
070101005,ВЪЖЕ ППК Ф8мм/150м./цветно,БР.,pcs,1.000,16.36
07010671,ВЪЖЕ РАФИЯ /КГ./,КГ.,kg,25.480,2.05
01010253,"ГАЗ.КОТЛОН ТУРИСТ.""РОЗА""-БГ",БР.,pcs,62.000,2.81
01010024,ГАЗ.КОТЛОН ТУРИСТ.К635 ТУРБО**,БР.,pcs,20.000,2.66
01010330,ГАЗ.СКАРА 2-НА RAMBO 2,БР.,pcs,2.000,46.02
05060084,ГАЛОШИ ЕВРО N39 /20бр./**,БР.,pcs,22.000,1.64
05060085,ГАЛОШИ ЕВРО N40 /20бр./**,БР.,pcs,15.000,1.53
05060086,ГАЛОШИ ЕВРО N41 /20бр./**,БР.,pcs,20.000,1.53
05060088,ГАЛОШИ ЕВРО N43 /20бр./**,БР.,pcs,39.000,1.53
05060089,ГАЛОШИ ЕВРО N44 /20бр./**,БР.,pcs,58.000,1.53
05060090,ГАЛОШИ ЕВРО N45 /20бр./**,БР.,pcs,30.000,1.53
05060092,ГАЛОШИ ЕВРО N47 /20бр./**,БР.,pcs,36.000,1.15
05060095,ГАЛОШИ ЕВРО ДАМСКИ N38 /20бр**,БР.,pcs,62.000,1.28
05060104,ГАЛОШИ ЕВРО С ВАТА N46/47 15**,БР.,pcs,54.000,2.46
СТ03  132,ГОФРЕ Ф32-132 АСЕТ,бр.,pcs,61.000,0.41
СТ03  108,ГОФРЕ Ф40-108 АСЕТ,бр.,pcs,53.000,0.41
CH12043,ГРАДИНСКИ КОМПЛЕКТ 3Ч.МТ-126,БР,pcs,15.000,1.01
05010806,ГРАДИНСКИ КОМПЛЕКТ 3час.МАЛЪ**,БР.,pcs,4.000,0.73
05010805,ГРАДИНСКИ КОМПЛЕКТ 5части**,БР.,pcs,7.000,1.21
CHК3048,ГРЕБЛО ЛИСТА М3-73**,БР,pcs,62.000,0.57
05010616,ГРЕБЛО-ЗА ЛИСТА С 22 ЗЪБА**,БР.,pcs,28.000,0.60
05020171,ГРИВНА ЗА ЧНП 1800W,БР.,pcs,35.000,0.33
05020169,ГРИВНА ЗА ЧНП 800W,БР.,pcs,47.000,0.20
СИ00 689558,ГУМА ВЪТР.3.25/8D 360ММ.,БР.,pcs,55.000,0.90
СИ00 689568,ГУМА ВЪТР.4.80/4.00-8 D380мм,БР.,pcs,5.000,1.31
0701741,"ГУМИЧКИ К-Т ЗА ПРЪСК.""GARDEN""",БР.,pcs,34.000,1.11
03030222,ГЮН.КЛЮЧ ДВ.ПРОТИВ.NE07,БР.,pcs,64.000,0.89
03030220,ГЮНС.YAW.КЛЮЧ 2-ЕН YV03,БР.,pcs,88.000,0.61
03030219,ГЮНС.YAW.КЛЮЧ ЕД.СВЕТ.VO2,БР.,pcs,38.000,0.66
03030229,ГЮНС.YAW.КЛЮЧ ЗВЪН.YW11,БР.,pcs,103.000,0.48
03030230,ГЮНС.YAW.КЛЮЧ ЗВЪН.СВЕТ.YW12,БР.,pcs,49.000,0.71
03030148,ГЮНС.YAW.КЛЮЧ СТ+ВР.YV10,БР.,pcs,49.000,0.51
03030226,ГЮНС.YAW.КЛЮЧ СТЪЛБ.YW05,БР.,pcs,71.000,0.48
03030227,ГЮНС.YAW.КЛЮЧ СТЪЛБ.СВЕ.YW06,БР.,pcs,49.000,0.68
03030231,ГЮНС.YAW.КОНТ.С КАПАК YW17,БР.,pcs,23.000,0.64
03030075,ГЮНС.КЛЮЧ ДВ.FA-03,БР.,pcs,75.000,0.82
03030074,ГЮНС.КЛЮЧ ДВ.СВЕТЕЩ FA-04,БР.,pcs,198.000,1.04
03030144,ГЮНС.КЛЮЧ ЕД.СВЕТ.FA-02,БР.,pcs,18.000,0.90
03030142,ГЮНС.КЛЮЧ ЗВЪН.FA-11,БР.,pcs,38.000,0.71
03030141,ГЮНС.КЛЮЧ ЗВЪН.ТАБ.FA-12,БР.,pcs,37.000,0.92
03030078,ГЮНС.КЛЮЧ СТЪЛБ.FA-05,БР.,pcs,24.000,0.71
03030143,ГЮНС.КЛЮЧ СТЪЛБ.СВЕТЕЩ FA-06,БР.,pcs,22.000,0.94
03010185,ДЕФЕКТО ТОК.ЗАЩИТА 63А 300mА,БР.,pcs,5.000,41.72
07010860,ДЖАПАНКИ /6бр.СТЕК/**,БР.,pcs,25.000,0.92
ОСДРM-11-0004,ДРОСЕЛ 18W PELSAN,БР.,pcs,14.000,1.96
05070294,ДРЪЖКА DUNYA 70мм СЕКР.БЯЛА**,БР.,pcs,26.000,1.53
05070295,ДРЪЖКА DUNYA 90мм ОБИКН.ЧЕРН**,БР.,pcs,31.000,1.53
05070624,ДРЪЖКА DUNYA 90мм СЕКР.ЧЕРНА**,БР.,pcs,6.000,1.53
05070058,ДРЪЖКА KALE LUX WC 70/OZEN/,БР.,pcs,9.000,9.10
05070433,ДРЪЖКА KUMRU АЛБИФР.WC 70мм.,БР.,pcs,18.000,4.60
05070430,ДРЪЖКА KUMRU АЛБИФР.WC 90мм.,БР.,pcs,6.000,4.60
05070118,ДРЪЖКА LALE ОБИК.+РОЗЕТКА,БР.,pcs,2.000,4.09
05070117,ДРЪЖКА LALE СЕКР.+РОЗЕТКА,БР.,pcs,3.000,4.09
05070577,ДРЪЖКА OZEN АЛБИФР.WC 70мм.,БР.,pcs,4.000,4.09
05070427,ДРЪЖКА OZEN АЛБИФР.WC 90мм.,БР.,pcs,16.000,4.09
05070576,ДРЪЖКА OZEN ЗЛАТО WC 90мм.,БР.,pcs,17.000,5.11
05070571,ДРЪЖКА OZEN САТЕН WC 90мм.,БР.,pcs,18.000,4.09
08020270,ДРЪЖКА ЗА ЧЕТКА ЗА КОТЛЕ,БР,pcs,18.000,1.12
05070325,ДРЪЖКА ОБ.90 МЕТАЛ/ВАРНА,БР.,pcs,109.000,1.02
ОБ00О7Б,ДРЪЖКА ОБКОВ 70мм.обикн.БЯЛА,БР.,pcs,6.000,2.22
ОБ00С7Ш,ДРЪЖКА ОБКОВ 70мм.секр.ШАГРЕН,БР.,pcs,19.000,2.22
ОБ00С9Б,ДРЪЖКА ОБКОВ 90мм.секр.БЯЛА,БР.,pcs,22.000,2.22
ОБ00С9Ш,ДРЪЖКА ОБКОВ 90мм.секр.ШАГРЕН,БР.,pcs,9.000,2.22
05070466,ДРЪЖКА ОЛИВКА ЧЕРНА СОНИКО,БР.,pcs,16.000,0.85
05070467,ДРЪЖКА ОЛИВКА ШАГРЕН СОНИКО,БР.,pcs,9.000,0.85
04060019,"ДЪГА 45-  1/2"" ВЪТР.РЕЗБА МЕГА",БР.,pcs,35.000,0.00
04060026,"ДЪГА 45-  3/4"" М/Ж МЕГА",БР.,pcs,4.000,0.41
04060021,"ДЪГА 45-1    "" ВЪТР.РЕЗБА МЕГА",БР.,pcs,5.000,0.00
04060027,"ДЪГА 45-1    "" М/Ж МЕГА",БР.,pcs,8.000,0.51
04060043,"ДЪГА 90 ВЪН.ВЪТР.РЕЗ.  1/2""МЕГ",БР.,pcs,3.000,0.00
04060044,"ДЪГА 90 ВЪН.ВЪТР.РЕЗ.  3/4""МЕГ",БР.,pcs,4.000,0.00
04060045,"ДЪГА 90 ВЪН.ВЪТР.РЕЗ.1    ""МЕГ",БР.,pcs,2.000,0.00
04060049,"ДЪГА 90.ВЪТР.РЕЗ.  1/2"" МЕГА**",БР.,pcs,14.000,0.00
04060050,"ДЪГА 90.ВЪТР.РЕЗ.  3/4"" МЕГА**",БР.,pcs,4.000,0.00
04060051,"ДЪГА 90.ВЪТР.РЕЗ.1    "" МЕГА**",БР.,pcs,2.000,0.00
07010375,ДЪЖДОБРАН К-Т С БОТ.И РЪК/15/*,БР.,pcs,27.000,0.31
05070630,ДЮБЕЛ ЗА WC 6х100к-т PROMASTER,К-Т,set,838.000,0.17
05070628,ДЮБЕЛ ЗА WC 6х80 к-т PROMASTER,К-Т,set,224.000,0.17
05070629,ДЮБЕЛ ЗА WC 6х90 к-т PROMASTER,К-Т,set,858.000,0.17
07011116,ДЮЗА GARDEN-ЗА ХЕРБИЦИДИ,БР.,pcs,9.000,2.54
CH12036,ДЮЗА ЗА ПРЪСК.PVC ВИСО.МТ-115С,БР,pcs,2821.000,0.11
CH12037,ДЮЗА ЗА ПРЪСК.PVC ДВОЙ.МТ-115D,БР,pcs,3623.000,0.09
CH12034,ДЮЗА ЗА ПРЪСК.PVC МТ-115А,БР,pcs,1433.000,0.09
CH12035,ДЮЗА ЗА ПРЪСК.PVC МТ-115В,БР,pcs,1148.000,0.09
CH12074,ДЮЗА ЛОЗ.ХЕРБИЦ.5отв.МТ-113,БР,pcs,1032.000,0.17
CH12073,ДЮЗА ЛОЗ.ХЕРБИЦ.8отв.МТ-112,БР,pcs,1216.000,0.17
05070040,ЕЗИК ЗА БРАВА,БР.,pcs,31.000,0.23
CHК3035,ЕКСЦЕНТР 2бр+РОЗ.2бр К-Т М3-60,ПАКЕТ,pack,117.000,0.51
04030069,ЕКСЦЕНТРИК+РОЗЕТКА К-Т,БР.,pcs,50.000,1.12
05020987,ЕЛЕКТРОДИ 3.25(6кг)ВЕЖЕН*,ПАКЕТ,pack,30.000,4.09
CHК3025,ЗАКАЧЛКА ЗА СТЕЛАЖИ М3-44**,БР,pcs,852.000,0.05
03020097,ЗАРЯДНО У-ВО MW9168 GS EMOS**,БР.,pcs,4.000,12.15
03020098,ЗАРЯДНО У-ВО V2833 EMOS**,БР.,pcs,2.000,4.88
0403 722,ЗАТВАРЯЩ МЕХАН.ДУШ-МЕСИНГ,БР.,pcs,38.000,0.51
03050151,ЗАЩИТА КАПИЛЯРНА ЗА ЕЛДОМ,БР.,pcs,10.000,3.99
07010471,ЗИДАРСКИ КОНЕЦ 100м БЯЛ,БР.,pcs,6.000,0.37
07010531,ЗИДАРСКИ КОНЕЦ 100м ЦВЕТЕН,БР.,pcs,30.000,0.64
01020037,ИГЛА БЕЗ ВРЪТКА ЗА 4.7,БР.,pcs,89.000,0.31
05020696,ИМПУЛСИВЕН Р-Ч БЕЗ ВИНТ *,БР.,pcs,87.000,2.16
05020697,ИМПУЛСИВЕН Р-Ч С 1 ВИНТ *,БР.,pcs,102.000,2.26
05020698,ИМПУЛСИВЕН Р-Ч С 2 ВИНТ *,БР.,pcs,60.000,2.37
05020711,ИМПУЛСИВЕН Р-Ч С МЕСИНГ.ДЮЗИ**,БР.,pcs,122.000,2.77
05020660,КАИШКА ЗА КУЧЕ КОЖА ШИРОКА**,БР.,pcs,70.000,0.92
05020397,КАИШКА ЗА КУЧЕ ПЛЕТЕНА,БР.,pcs,61.000,0.51
05020884,КАИШКА ЗА КУЧЕ ШИРОКА ПЛЕТЕНА,БР.,pcs,65.000,0.61
04020253,КАН-КА ДЕКОР.ПЕТ./РИБА/ЖАБА**,БР.,pcs,2.000,12.60
070101010,КАНАП ПАРАФИН./10бр.стек/,БР.,pcs,95.000,0.82
07010043,КАНЕЛКА ДЪРВЕНА-ГОЛЯМА**,БР.,pcs,286.000,0.77
04030331,КАПАК ЗА СИФОН МЕСИНГ КРЪГ.НОВ,БР.,pcs,5.000,2.81
04030483,КАПАК ЗА СИФОН Ф80 ХРОМ**,БР.,pcs,46.000,0.56
04030329,КАПАК ЗА СИФОН ХРОМ КРЪГ.НОВ,БР.,pcs,18.000,2.81
03050403,КАПАЧКА 16А ЗА ПРЕДПАЗИТЕЛ,БР.,pcs,171.000,0.23
04030524,КАПАЧКА ЗА СИФОН 9/9 НЕРЪЖД.,БР.,pcs,5.000,1.84
04030518,КАПАЧКА ЗА СИФОН АЛ.ф60,БР.,pcs,6.000,0.31
04030519,КАПАЧКА ЗА СИФОН АЛ.ф80,БР.,pcs,16.000,0.31
07011023,КАПАЧКИ ЗА БУРКАНИ PVC-50бр/ст,СТЕК,pack,20.000,1.28
05020063,КАРАБИНКА 10х100-ЩИПКА**,БР.,pcs,40.000,0.25
05020358,КЛИНЦИ VF 6 /ЛЕТНИ/**,КУТИЯ,box,40.000,9.87
05020341,КЛИНЦИ Е 6-RIFLE**,КУТИЯ,box,100.000,6.60
03050003,КЛЮЧ 2-УР.НЕСВЕТЕЩ /Н.КИРОВ/,БР.,pcs,11.000,1.32
03050002,КЛЮЧ 2-УР.СВЕТЕЩ /Н.КИРОВ/,БР.,pcs,16.000,2.11
03050001,КЛЮЧ 2-УР.СВЕТЕЩ МОДУЛ-2000 НК,БР.,pcs,6.000,2.11
03030321,КЛЮЧ 6 1-чен Н.К. ЕЛПРОМ,БР.,pcs,69.000,0.26
03030022,КЛЮЧ NURSAN 1-ЧЕН,БР.,pcs,91.000,0.51
03030023,КЛЮЧ NURSAN 2-ЕН,БР.,pcs,47.000,0.51
03010165,КЛЮЧ ЗА БОРМАШ.С РЕГУЛ.+КАБЕЛ,БР.,pcs,75.000,2.76
03010164,КЛЮЧ ЗА БОРМАШ.С РЕГУЛАТОР,БР.,pcs,113.000,2.05
03050103,КЛЮЧ ЗА ЗАЩ.КАПАЧКА,БР.,pcs,104.000,0.06
03030097,КЛЮЧ ЗА ФЛЕКС 1200/2300W,БР.,pcs,5.000,3.58
03030028,КЛЮЧ ИЗГРЕВ СХ.1 ОМ,БР.,pcs,62.000,0.56
03030325,КЛЮЧ ИЗГРЕВ СХ.5 ОМ,БР.,pcs,38.000,0.71
03030156,КЛЮЧ ПКОМ IP44 сх.6 сив/девиат,БР.,pcs,9.000,1.29
03030035,КЛЮЧ ПРИСТА-стълбищен/Н.Киров/,БР.,pcs,43.000,0.69
03030091,КЛЮЧ ПРИСТА-сх.1 /Н.Киров/,БР.,pcs,33.000,0.26
03030092,КЛЮЧ ПРИСТА-сх.5 /Н.Киров/,БР.,pcs,134.000,0.32
03030106,КЛЮЧ ПРОТИВОВЛ.-СХ.5/АТРА/-бял,БР.,pcs,19.000,0.87
03030024,КЛЮЧ РУСЕ СХ.6,БР.,pcs,18.000,0.39
03030025,КЛЮЧ СЕЛЕКТ СХ.1,БР.,pcs,2.000,0.64
03030026,КЛЮЧ СЕЛЕКТ СХ.5,БР.,pcs,160.000,0.73
CHК4039,КОАКС.КАБЕЛ С БУКСИ 30м.М4-39*,БР,pcs,43.000,1.29
05010668,КОЗИ КРАК BG ГОЛЯМ,БР.,pcs,148.000,2.30
05010667,КОЗИ КРАК BG МАЛЪК,БР.,pcs,210.000,1.28
CHК6058,КОЛАН ЗА ИНСТР.3-ЕН М6-60,БР,pcs,100.000,3.46
CHК6059,КОЛАН ЗА ИНСТР.3-ЕН М6-61,БР,pcs,21.000,2.97
04030482,"КОЛЕКТОР 10линии 1""Ж**",БР.,pcs,2.000,11.76
04030474,"КОЛЕКТОР 2 линии 1""Ж**",БР.,pcs,6.000,2.35
04030475,"КОЛЕКТОР 3 линии 1""Ж**",БР.,pcs,3.000,3.53
04030476,"КОЛЕКТОР 4 линии 1""Ж**",БР.,pcs,4.000,4.70
04030480,"КОЛЕКТОР 8 линии 1""Ж**",БР.,pcs,2.000,9.41
04030481,"КОЛЕКТОР 9 линии 1""Ж**",БР.,pcs,2.000,10.58
05060114,КОЛЕЛО БАНДАЖНО 200мм***,БР.,pcs,10.000,3.68
05060113,КОЛЕЛО БАНДАЖНО 250мм***,БР.,pcs,3.000,4.09
05010480,КОЛЕЛО БАНДАЖНО 350х70***,БР.,pcs,8.000,2.97
05060105,КОЛЕЛО С ЛАГЕР БАНДАЖНО***,БР.,pcs,4.000,3.99
07010169,КОЛИЧКА ЗА БАГАЖ МАЛКО КОЛЕЛО,БР.,pcs,16.000,5.62
07010168,КОЛИЧКА ЗА БАГАЖ МИНИ,БР.,pcs,1.000,5.06
07010532,КОЛИЧКА ЗА БАГАЖ ШИРОКО КОЛЕЛО,БР.,pcs,13.000,5.88
ПФ02К  12,"КОЛЯНО   1/2"" ПОЦ.",бр.,pcs,46.000,0.28
04060002,"КОЛЯНО   3/4"" МЕГА**",БР.,pcs,66.000,0.34
ПФ02К  34,"КОЛЯНО   3/4"" ПОЦ.",бр.,pcs,2.000,0.33
04060003,"КОЛЯНО 1    "" МЕГА **",БР.,pcs,58.000,0.50
04060006,"КОЛЯНО 2 1/2"" МЕГА**",БР.,pcs,1.000,4.39
04060008,"КОЛЯНО 3    "" МЕГА**",БР.,pcs,2.000,11.04
04060009,"КОЛЯНО 4    "" МЕГА**",БР.,pcs,2.000,19.29
04060011,"КОЛЯНО М/Ж   3/4"" МЕГА",БР.,pcs,6.000,0.40
04060012,"КОЛЯНО М/Ж 1    "" МЕГА**",БР.,pcs,10.000,0.64
04060014,"КОЛЯНО М/Ж 1 1/4"" МЕГА**",БР.,pcs,34.000,1.01
04060016,"КОЛЯНО М/Ж 2 1/2"" МЕГА**",БР.,pcs,5.000,4.81
04060017,"КОЛЯНО М/Ж 3    "" МЕГА**",БР.,pcs,5.000,10.54
04060018,"КОЛЯНО М/Ж 4    "" МЕГА**",БР.,pcs,2.000,18.25
04060109,"КОЛЯНО НАМ.  3/4""х  1/2""МЕГА",БР.,pcs,136.000,0.57
04060110,"КОЛЯНО НАМ.1    ""х  1/2""МЕГА",БР.,pcs,83.000,0.75
04060111,"КОЛЯНО НАМ.1    ""х  3/4""МЕГА",БР.,pcs,44.000,0.72
04060112,"КОЛЯНО НАМ.1 1/4""х1    ""МЕГА",БР.,pcs,10.000,1.62
04060113,"КОЛЯНО НАМ.2    ""х1 1/2""МЕГА",БР.,pcs,5.000,4.65
07010369,КОМАРНИК-СПИРАЛА,БР.,pcs,22.000,0.60
CHК4044,КОНДЕНЗАТОР ЗА ПОМПА М4-44**,БР,pcs,71.000,0.32
03050152,КОНЗОЛА К-901 ГИПС-КАРТОН,БР.,pcs,142.000,0.19
08020138,КОНЗОЛА ПОДОВА ЗА АЛ.РАДИАТОР,БР,pcs,6.000,4.00
0305029,"КОНЗОЛА С КАПАК""ISILDAR""**",БР.,pcs,115.000,0.10
08020140,КОНЗОЛИ ЗА РАД.7х169 2бр.К-Т,К-Т,set,6.000,0.51
03050287,КОНЗОЛНА КУТИЯ 3-НА,БР.,pcs,5.000,1.02
03030115,КОНТАКТ 1-ЕН В.ТЪРНОВО-БЯЛ,БР.,pcs,14.000,0.51
03030005,КОНТАКТ 1-ен/ПРИСТА/-ЧЕРНО-БЯЛ,БР.,pcs,13.000,0.65
03030004,КОНТАКТ 1-ен/СЕЛЕКТ/-бял,БР.,pcs,45.000,0.87
03030001,КОНТАКТ 1-ен/СМОЛЯН/-бял,БР.,pcs,13.000,0.56
03050050,КОНТАКТ 2*25А/250V,БР.,pcs,5.000,0.77
03030016,КОНТАКТ 2-ЕН В.ТЪРНОВО-ЧЕРЕН,БР.,pcs,21.000,0.79
0303003,КОНТАКТ 2-ен ОИ БЯЛ,БР.,pcs,34.000,0.88
0303004,КОНТАКТ 2-ен ОИ ЧЕРЕН,БР.,pcs,33.000,0.85
07011150,КОРИТО СТРОИТЕЛНО 65л.КРЪГЛО,БР.,pcs,2.000,1.92
07010495,КОРНИЗ МЕТАЛЕН 3.5м**,БР.,pcs,14.000,2.68
СТ07 802,КОРНИЗ ПВЦ-ЕД.КАНАЛ-2.0 ЕКО,бр.,pcs,66.000,0.41
07010329,КОФА PVC С ПЕДАЛ 18л.БЕЖОВА**,БР.,pcs,3.000,5.96
01020199,КРАН ЗА ПИРОСТИЯ,БР.,pcs,44.000,1.12
07010252,КРАНЧЕ ЗА ТУБА**,БР.,pcs,18.000,0.28
04060057,"КРЪСТАЧ   3/4"" МЕГА**",БР.,pcs,13.000,1.79
04060058,"КРЪСТАЧ 1    "" МЕГА**",БР.,pcs,15.000,2.12
04060059,"КРЪСТАЧ 1 1/2"" МЕГА**",БР.,pcs,5.000,4.91
04060060,"КРЪСТАЧ 1 1/4"" МЕГА**",БР.,pcs,1.000,2.65
04060061,"КРЪСТАЧ 2    "" МЕГА**",БР.,pcs,5.000,7.35
РУ01003,КУЛТИВАТОР РЪЧЕН ЗЕЛЕН**,БР,pcs,3.000,3.75
РУ01002,КУЛТИВАТОР РЪЧЕН РАЙГРАС СИН,БР,pcs,5.000,3.75
CHСН075,КУТИЯ ЗА ХРАНА 2-КА М5-135,БР,pcs,1.000,3.62
05020870,КУТИЯ РАЗКЛ.ЗА ГИПСОКАРТОН СТЛ,БР.,pcs,1292.000,0.25
08020016,КЮНЕЦ ТЕТКА-ЦИНК С ШАПКИ,БР,pcs,13.000,2.05
CHК7052,ЛЕБЕДКА ДЪЛГА   M8-66**,БР,pcs,81.000,1.64
CHК7051,ЛЕБЕДКА ДЪЛГА S M8-65**,БР,pcs,86.000,1.64
04010117,ЛЕБЕДКА ЗА СМЕС.БАНАН,БР.,pcs,10.000,2.05
03030234,ЛЕКСА БОЙЛ.ТАБЛО 32А-2-но**,БР.,pcs,4.000,2.37
03030252,ЛЕКСА КЛЮЧ 2-ен ПРОТ.СИЛИКОН**,БР.,pcs,15.000,1.62
03030250,ЛЕКСА КЛЮЧ ДЕВИАТ.ПРОТИВОВЛ**,БР.,pcs,38.000,0.99
03030322,ЛЕКСА КЛЮЧ ОМ.СХ-1/ЕДИН/МИНИ*,БР.,pcs,4.000,0.57
03030261,ЛЕКСА КЛЮЧ РЕГУЛАТОР,БР.,pcs,5.000,2.98
03030239,ЛЕКСА КОНТАКТ ОИ -БЯЛ**,БР.,pcs,78.000,0.98
03030236,ЛЕКСА КУТИЯ ОТК.МОНТ.БОЙЛ.Т.**,БР.,pcs,41.000,0.30
03030235,ЛЕКСА КУТИЯ СКР.МОНТ.БОЙЛ.Т.**,БР.,pcs,19.000,0.31
03030237,ЛЕКСА ПКОМ 2-ен бял/СИЛИКОН/**,БР.,pcs,4.000,2.15
03030052,ЛЕКСА ПРЕДПАЗНА КАПАЧКА 5бр.**,БР.,pcs,30.000,0.43
030300062,ЛЕКСА СТЪЛБИЩЕН АВТОМАТ,БР.,pcs,2.000,5.22
05020802,ЛЕНТА АЛУМИН.72х40,БР.,pcs,14.000,2.93
05020806,ЛЕНТА ПВЦ 50х25 /ГЛОУБ/**,БР.,pcs,7.000,2.15
05040075,ЛОЗ.ГАЙКА ЗА ГОЛЯМА ПРЪСК**,БР.,pcs,11.000,1.02
05040011,ЛОЗ.ГАЙКА ЗА МАЛКА ПРЪСКАЧКА**,БР.,pcs,37.000,0.87
05040013,ЛОЗ.ГАЙКА С НИПЕЛ гол.и малк**,БР.,pcs,85.000,0.77
05040015,ЛОЗ.ДЮЗА N-69 ЕДИНИЧНА**,БР.,pcs,24.000,0.52
05040113,ЛОЗ.ДЮЗИ ПЛАСТМ.РАЗНИ**,БР.,pcs,56.000,0.77
05040150,ЛОЗ.К-Т ПРЪТ+МЕТ.КРАН+дюза хер,БР.,pcs,4.000,6.16
05060030,ЛОЗ.КАПАК ГУМЕН ЗА ПРЪСКАЧКА**,БР.,pcs,7.000,0.51
05040046,ЛОЗ.КАПАЧКА МАСИЛА**,БР.,pcs,20.000,0.46
05040069,ЛОЗ.КОЛЧЕ ЛЯТО-МАСИЛА**,БР.,pcs,21.000,1.12
05040090,ЛОЗ.СРЕДЕН КЛАПАН**,БР.,pcs,22.000,1.64
05040017,ЛОЗ.ЦЕДКА ЗА ПРЪСКАЧКА голям**,БР.,pcs,2.000,0.92
05040039,ЛОЗ.ШАЙБИ /комплект/**,БР.,pcs,30.000,0.41
05010569,ЛОПАТА БГ КРИВА БЕЗ ДРЪЖКА,БР.,pcs,125.000,1.28
05010570,ЛОПАТА БГ ПРАВА БЕЗ ДРЪЖКА,БР.,pcs,93.000,1.28
05010822,ЛОПАТА БГ ПРАВА С ДРЪЖКА NEW**,БР.,pcs,121.000,2.02
05010572,ЛОПАТА БГ ПРАВА СЪС ДРЪЖКА,БР.,pcs,181.000,1.53
05010664,ЛОПАТА ДОМАК.TR ГОЛЯМА,БР.,pcs,132.000,0.97
05010486,ЛОПАТА РУСКА КРИВА ШИРОКА,БР.,pcs,200.000,1.30
05010824,ЛОПАТА ЧЕРНА КРИВА БЕЗ ДРЪЖКА,БР.,pcs,50.000,1.23
CHК6027,ЛОПАТКА+МЕТЛА ГОЛЯМА М6-20,БР,pcs,5.000,1.53
02010322,ЛУМ.ЛАМПА 15W ЛЕКСА,БР.,pcs,1.000,4.79
02010324,ЛУМ.ПУРА 120см.36W,БР.,pcs,25.000,0.77
02010113,ЛУМ.ТЯЛО АКУМУЛАТОРНО 2х8W.,БР.,pcs,1.000,9.36
02010103,ЛУМ.ТЯЛО Т4-26W,БР.,pcs,4.000,6.54
02010192,ЛУМИН.ТЯЛО-1х18w.-ПРОТИВОВЛАЖН,БР.,pcs,4.000,7.91
04010125,М-Ч ЗА ДУШ 1/2-1/2 с прех 3/4,БР.,pcs,21.000,4.09
CHК3064,М-Ч ЗА ДУШ М3-91 100см.метален,БР,pcs,38.000,0.33
04030361,М-Ч ЗА ДУШ ПЛАСТМ.БЯЛ 1м,БР.,pcs,102.000,0.55
0309 7012-1В,М.АПЛИК ASYA БЯЛ,БР.,pcs,1.000,3.25
0309 7089-1,М.АПЛИК ETNA,БР.,pcs,4.000,7.17
0309 7090-2,М.АПЛИК HAVIN-АНТИК,БР.,pcs,5.000,11.30
0309 6042-3,М.АПЛИК PARIS YELKEN,БР.,pcs,2.000,16.19
04040175,М.В. Ж-Ж 1/2-1/2  30см МЕРТ-М*,БР.,pcs,33.000,0.55
04040179,М.В. Ж-Ж 1/2-1/2  70см МЕРТ-М*,БР.,pcs,40.000,0.75
04040180,М.В. Ж-Ж 1/2-1/2  80см МЕРТ-М*,БР.,pcs,2.000,0.80
04040172,М.В. Ж-Ж 1/2-1/2 100см МЕРТ-М,БР.,pcs,20.000,0.89
04040173,М.В. Ж-Ж 1/2-1/2 120см МЕРТ-М,БР.,pcs,34.000,0.99
04040269,М.В. Ж-Ж 1/2-1/2 140см.МЕРТ-М,БР.,pcs,13.000,1.02
04040174,М.В. Ж-Ж 1/2-1/2 150см МЕРТ-М,БР.,pcs,7.000,1.14
04040270,М.В. Ж-Ж 1/2-1/2 160см.МЕРТ-М,БР.,pcs,11.000,1.18
04040287,М.В. Ж-Ж 1/2-3/8  20см.МЕРТ-М,БР.,pcs,34.000,0.50
04040160,М.В. Ж-Ж 1/2-3/8  30см МЕРТ-М,БР.,pcs,18.000,0.55
04040162,М.В. Ж-Ж 1/2-3/8  50см МЕРТ-М,БР.,pcs,49.000,0.65
04040164,М.В. Ж-Ж 1/2-3/8  70см МЕРТ-М,БР.,pcs,20.000,0.75
04040165,М.В. Ж-Ж 1/2-3/8  80см МЕРТ-М,БР.,pcs,45.000,0.80
04040244,М.В. Ж-Ж 1/2-3/8 100см.МЕРТ-М*,БР.,pcs,34.000,0.92
04040245,М.В. Ж-Ж 1/2-3/8 120см.МЕРТ-М*,БР.,pcs,30.000,0.99
04040288,М.В. Ж-Ж 3/8-3/8  20см.МЕРТ-М,БР.,pcs,20.000,0.50
04040222,М.В. Ж-Ж 3/8-3/8 100см.МЕРТ-М*,БР.,pcs,21.000,1.13
04040223,М.В. Ж-Ж 3/8-3/8 120см.МЕРТ-М*,БР.,pcs,21.000,1.23
04040224,М.В. Ж-Ж 3/8-3/8 30см.МЕРТ-М*,БР.,pcs,29.000,0.55
04040225,М.В. Ж-Ж 3/8-3/8 40см.МЕРТ-М*,БР.,pcs,23.000,0.60
04040226,М.В. Ж-Ж 3/8-3/8 50см.МЕРТ-М*,БР.,pcs,161.000,0.65
04040228,М.В. Ж-Ж 3/8-3/8 70см.МЕРТ-М*,БР.,pcs,14.000,0.75
04040229,М.В. Ж-Ж 3/8-3/8 80см.МЕРТ-М*,БР.,pcs,18.000,0.80
04040181,М.В. М-Ж 1/2-1/2 100см МЕРТ-М*,БР.,pcs,7.000,0.89
04040182,М.В. М-Ж 1/2-1/2 120см МЕРТ-М*,БР.,pcs,5.000,0.99
04040280,М.В. М-Ж 1/2-1/2 160см МЕРТ-М*,БР.,pcs,5.000,1.30
04040281,М.В. М-Ж 1/2-3/8  20см МЕРТ-М,БР.,pcs,23.000,0.50
04040166,М.В. М-Ж 1/2-3/8  30см МЕРТ-М,БР.,pcs,28.000,0.55
04040168,М.В. М-Ж 1/2-3/8  50см МЕРТ-М,БР.,pcs,43.000,0.65
04040169,М.В. М-Ж 1/2-3/8  60см МЕРТ-М,БР.,pcs,19.000,0.70
04040170,М.В. М-Ж 1/2-3/8  70см МЕРТ-М,БР.,pcs,27.000,0.75
04040171,М.В. М-Ж 1/2-3/8  80см МЕРТ-М,БР.,pcs,43.000,0.80
04040247,М.В. М-Ж 1/2-3/8 100см.МЕРТ-М*,БР.,pcs,59.000,0.89
04040248,М.В. М-Ж 1/2-3/8 120см.МЕРТ-М*,БР.,pcs,37.000,1.00
04040272,М.В. М-Ж 1/2-3/8 90см.МЕРТ-М,БР.,pcs,43.000,0.84
040402301,М.В. М-Ж 3/8-3/8  20см.МЕРТ-М*,БР.,pcs,25.000,0.50
04040230,М.В. М-Ж 3/8-3/8  30см.МЕРТ-М*,БР.,pcs,33.000,0.75
04040241,М.В. М-Ж 3/8-3/8  40см.МЕРТ-М*,БР.,pcs,13.000,0.55
04040240,М.В. М-Ж 3/8-3/8  50см.МЕРТ-М*,БР.,pcs,21.000,0.86
04040239,М.В. М-Ж 3/8-3/8  60см.МЕРТ-М*,БР.,pcs,22.000,0.70
04040237,М.В. М-Ж 3/8-3/8  80см.МЕРТ-М*,БР.,pcs,39.000,0.83
04040231,М.В. М-Ж 3/8-3/8 100см.МЕРТ-М*,БР.,pcs,31.000,1.11
04040232,М.В. М-Ж 3/8-3/8 120см.МЕРТ-М*,БР.,pcs,29.000,1.23
04040273,М.В. М-Ж 3/8-3/8 90см.МЕРТ-М,БР.,pcs,10.000,0.84
04040190,М.В. М10-Ж1/2 30см МЕРТ-М**,БР.,pcs,22.000,0.55
04040191,М.В. М10-Ж1/2 40см МЕРТ-М**,БР.,pcs,20.000,0.60
04040193,М.В. М10-Ж1/2 60см МЕРТ-М**,БР.,pcs,18.000,0.70
04040194,М.В. М10-Ж1/2 70см МЕРТ-М**,БР.,pcs,41.000,0.75
04040195,М.В. М10-Ж1/2 80см МЕРТ-М**,БР.,pcs,17.000,0.80
04040277,М.В. М10-Ж3/8 30см МЕРТ-М**,БР.,pcs,46.000,0.55
04040282,М.В. М10-Ж3/8 40см МЕРТ-М**,БР.,pcs,11.000,0.60
04040284,М.В. М10-Ж3/8 60см МЕРТ-М**,БР.,pcs,28.000,0.70
04040285,М.В. М10-Ж3/8 70см МЕРТ-М**,БР.,pcs,22.000,0.75
04040286,М.В. М10-Ж3/8 80см МЕРТ-М**,БР.,pcs,35.000,0.80
0309 HL923,М.ВЛАГОЗ.ТЯЛО 100W/E27-БЯЛО,БР.,pcs,1.000,6.85
0309 HL930,М.ВЛАГОЗ.ТЯЛО 60W/E27-БЯЛО,БР.,pcs,1.000,7.42
0309 HL8811,М.ЕНЕРГ.ЛАМПА 11W/E14-СПИРАЛА,БР.,pcs,17.000,1.68
0309 6016-25,М.ПЛАФОН DOLUNAY-МАТ ХРОМ,БР.,pcs,1.000,8.93
0309 7124-25,М.ПЛАФОН LOLITA,БР.,pcs,1.000,8.85
0309 6020-25,М.ПЛАФОН PATIKA-БЯЛ,БР.,pcs,1.000,5.65
0309 6038-25,М.ПЛАФОН RODOS-БЯЛ,БР.,pcs,1.000,4.28
0309 7084-25,М.ПЛАФОН YORUNGE-МАТ ХРОМ,БР.,pcs,1.000,9.32
0309 6080-30,М.ПЛАФОН ZEUS,БР.,pcs,1.000,9.00
0309 HL101,М.ПРОЖЕКТОР 500W-ЧЕРЕН,БР.,pcs,1.000,2.82
05020974,МАГНИТ ЗА ШКАФ МАЛЪК-ШНАПЕР**,БР.,pcs,170.000,0.09
0501526,МАЛАМ.ГУМА 215/125/12 ОРАНЖ.ПВ,БР.,pcs,10.000,1.61
СИЕМEC21220,МАЛАМ.СТОМ.НАЗ.280х125х6 ПВЦ Д,БР.,pcs,10.000,0.96
05010280,МАЛАМ.СТОМ.НАЗ.ЧЕРВ.ДР.,БР.,pcs,34.000,0.92
РЕ8080410,МАЛАМАШКА НЕРЪЖД.28х13см.зъб 6,БР,pcs,7.000,2.89
РЕ8080411,МАЛАМАШКА НЕРЪЖД.28х13см.зъб 8,БР,pcs,3.000,2.90
РЕ8080420,МАЛАМАШКА НЕРЪЖД.48х13см.,БР,pcs,4.000,5.61
CH12040,МАЛАМАШКА ПРАВА МТ-123,БР,pcs,31.000,0.97
05030105,"МАРКУЧ 007038 СМУК.1,1/2/50м/",М.,m,14.500,1.37
05030166,МАРКУЧ 1-300013 ГРАД.1/2 /25м*,МЕТРИ,m,275.000,0.23
05030167,МАРКУЧ 1-300019 ГРАД.3/4 /25м*,МЕТРИ,m,50.000,0.35
05030168,МАРКУЧ 1-300025 ГРАД.3/4 /25м*,МЕТРИ,m,50.000,0.59
СИ00 674818,"МАРКУЧ 1/2""-25м. PALISAD АРМИР",БР.,pcs,28.000,5.30
СИ00 674838,"МАРКУЧ 1/2""-50м. PALISAD АРМИР",БР.,pcs,2.000,10.43
05030108,МАРКУЧ 400006 шлаух Ф6/100м/*,БР.,pcs,700.000,0.14
05030128,МАРКУЧ MERT-  1/2-25м.АРМИРАН,ТОП,bundle,7.000,4.65
05030210,МАРКУЧ А-Д НА КГ ф19,КГ.,kg,47.700,0.82
05030161,МАРКУЧ БЪЛГ. ВТОР.Ф16 /20кг.**,КГ.,kg,80.000,0.77
05060123,МАРКУЧ ЗА ПРАХОСМУКАЧКА 7м.**,БР.,pcs,1.000,4.09
040112,МАРКУЧ ИЗТЕГЛЯЩ +НАКРАЙНИК,БР.,pcs,1.000,5.62
05030057,МАРКУЧ КАБИНА 15м,БР.,pcs,2.000,3.07
05030045,"МАРКУЧ КАБИНА 5,5м",БР.,pcs,2.000,1.35
05030046,"МАРКУЧ КАБИНА 5,5м+ПИСТОЛЕТ",БР.,pcs,3.000,2.81
05030074,МАРКУЧ С МЕТАЛЕН ПИСТ.-10м.,БР.,pcs,11.000,3.83
05030190,"МАРКУЧ СМУКАТЕЛЕН 2 1/2""/50м/*",МЕТРИ,m,174.000,2.16
05030139,"МАРКУЧ СМУКАТЕЛЕН 2""-24м.",МЕТРИ,m,8.000,1.96
05030208,МАРКУЧ СМУКАТЕЛЕН 3 1/2 /25м.,МЕТРИ,m,100.000,3.60
05030152,"МАРКУЧ СМУКАТЕЛЕН 4""-25м.",МЕТРИ,m,7.000,6.07
05030155,"МАРКУЧ СПИРАЛА 1""1/4-50м.",МЕТРИ,m,14.000,0.38
07011031,"МЕБЕЛНИ ДРЪЖКИ ""hfh"" СИВИ",БР.,pcs,93.000,0.26
05070062,МЕБЕЛНО КОЛЕЛО С ПЛАСТ.ПЛАНКА,БР.,pcs,25.000,0.23
05070061,МЕБЕЛНО КОЛЕЛО С ЩИФТ,БР.,pcs,31.000,0.26
05070065,МЕБЕЛНО КОЛЕЛО ТОПКА МАЛКО,БР.,pcs,86.000,0.20
05090164,МЕГА-0500013,БР.,pcs,25.000,0.27
05090144,МЕГА-05000171,БР.,pcs,35.000,0.43
05090145,МЕГА-05000181,БР.,pcs,15.000,0.56
05090140,МЕГА-05500381,БР.,pcs,11.000,0.35
05090141,МЕГА-05500391,БР.,pcs,9.000,0.49
05090143,МЕГА-05500401,БР.,pcs,4.000,0.47
05090142,МЕГА-05500411,БР.,pcs,96.000,0.39
05090175,МЕГА-0550042,БР.,pcs,4.000,0.95
05090220,МЕГА-0550249-ЩУЦЕР 3/4 Ж.Р.*,БР.,pcs,36.000,0.18
05090161,МЕГА-3137 ЩУЦЕР 3 СТЕПЕНЕН,БР.,pcs,44.000,0.12
04030502,МЕКА ВРЪЗ.50см.3/8 Ж-Ж КОТТМ,БР.,pcs,199.000,0.56
05070626,МЕХАНИЗЪМ-ВЕНДА ЗА ОБИКН.КЛЮЧ*,БР.,pcs,43.000,0.40
05010342,"МИСТРИЯ ОБЛА МАЛКА 7""**",БР.,pcs,14.000,0.35
05010341,"МИСТРИЯ ОБЛА СРЕДНА 8""**",БР.,pcs,27.000,0.49
CHК7023,МОП В02   М7-35**,БР,pcs,74.000,2.38
CHК7014,МОП ПАРЦАЛ ГОЛЯМ М7-27 888,БР,pcs,12.000,2.19
CHК7022,МОП ПАРЦАЛ МИКРОФ. М7-34,БР,pcs,141.000,1.24
0501О394,МОТИКА БЕЗ САП,БР.,pcs,28.000,1.28
CHК1048,МРЕЖА БЯЛА 100см./25м.F-6**,БР,pcs,29.000,2.97
04060063,"МУФА   3/4"" МЕГА**",БР.,pcs,117.000,0.31
04060064,"МУФА 1    "" МЕГА**",БР.,pcs,13.000,0.44
ПФ02М   1,"МУФА 1    "" ПОЦ.",бр.,pcs,13.000,0.42
04060065,"МУФА 1 1/2"" МЕГА**",БР.,pcs,2.000,0.87
04060067,"МУФА 2 1/2"" МЕГА**",БР.,pcs,4.000,3.52
04060070,"МУФА 4    "" МЕГА**",БР.,pcs,2.000,16.77
04060114,"МУФА НАМ.  1/2""х  3/8""МЕГА**",БР.,pcs,50.000,0.40
04060132,"МУФА НАМ.  3/4""х  1/2"" ЧЕРНИ",БР.,pcs,27.000,0.41
04060115,"МУФА НАМ.  3/4""х  1/2""МЕГА**",БР.,pcs,18.000,0.55
04060116,"МУФА НАМ.1    ""х  1/2""МЕГА**",БР.,pcs,94.000,0.64
04060117,"МУФА НАМ.1    ""х  3/4""МЕГА**",БР.,pcs,5.000,0.41
04060264,"МУФА НАМ.2    ""х1    ""МЕГА**",БР.,pcs,7.000,3.34
04060265,"МУФА НАМ.2    ""х1 1/2""МЕГА*",БР.,pcs,1.000,3.20
04060266,"МУФА НАМ.2    ""х1 1/4""МЕГА*",БР.,pcs,4.000,3.45
04060151,"МУФА-НИПЕЛ   1/2"" МЕГА**",БР.,pcs,10.000,0.43
04060152,"МУФА-НИПЕЛ   3/4"" МЕГА**",БР.,pcs,11.000,0.50
04060153,"МУФА-НИПЕЛ 1    "" МЕГА**",БР.,pcs,42.000,0.67
04060174,"МУФА-НИПЕЛ 1 1/2"" МЕГА**",БР.,pcs,14.000,1.10
04060125,"МУФА-НИПЕЛ НАМ.  3/4""х  1/2М",БР.,pcs,9.000,0.58
04060126,"МУФА-НИПЕЛ НАМ.1    ""х  1/2М",БР.,pcs,25.000,0.79
04060127,"МУФА-НИПЕЛ НАМ.1    ""х  3/4М",БР.,pcs,11.000,1.21
05050310,НАБИВКА ГРАФИТНА**,КГ.,kg,13.700,7.16
05020309,НАБИВКА ЛОЕНА ф4/1кг/-42м/кг,РОЛКА,roll,3.000,11.25
05070439,НАСРЕЩ.УНИВ.С ПАНЕЛ НИКЕЛ,БР.,pcs,186.000,0.00
05070472,НАСРЕЩ.УНИВ.С ПАНЕЛ ЦИНК,БР.,pcs,10.000,0.27
05070438,НАСРЕЩНИК 70 ФАЛЦОВ МЕСИНГ,БР.,pcs,6.000,0.36
05070435,НАСРЕЩНИК 70 ФАЛЦОВ НИКЕЛ,БР.,pcs,136.000,0.02
05070468,НАСРЕЩНИК 70 ФАЛЦОВ ЦИНК,БР.,pcs,6.000,0.29
05070437,НАСРЕЩНИК 90 ФАЛЦОВ МЕСИНГ,БР.,pcs,6.000,0.36
05070436,НАСРЕЩНИК 90 ФАЛЦОВ НИКЕЛ,БР.,pcs,111.000,0.04
05070470,НАСРЕЩНИК 90 ФАЛЦОВ ЦИНК,БР.,pcs,16.000,0.29
0501515,НИВЕЛИР  60см МАГНИТ ЖЪЛТ LK16,БР.,pcs,5.000,2.97
0501519,НИВЕЛИР  60см МАГНИТ КАФ.LK-14,БР.,pcs,14.000,3.86
CH12045,НИВЕЛИР  60см.МТ-128,БР,pcs,91.000,2.56
0501516,НИВЕЛИР  80см МАГНИТ ЖЪЛТ LK16,БР.,pcs,23.000,3.99
CH12046,НИВЕЛИР  80см.МТ-129,БР,pcs,37.000,3.22
CH12047,НИВЕЛИР 100см.МТ-130,БР,pcs,40.000,3.63
0501513,НИВЕЛИР 100смLK-163,БР.,pcs,19.000,1.38
0501517,НИВЕЛИР 100смМАГНИТ ЖЪЛТ LK167,БР.,pcs,27.000,4.35
0501521,НИВЕЛИР 100смМАГНИТ КАФ.LK-150,БР.,pcs,16.000,4.86
CH12048,НИВЕЛИР 120см.МТ-131,БР,pcs,22.000,4.33
0501522,НИВЕЛИР 120смМАГНИТ КАФ.LK-151,БР.,pcs,27.000,6.14
05010349,НИВЕЛИР АЛУМ.100см.СИВ/KOSO/,БР.,pcs,3.000,2.89
05010348,НИВЕЛИР ЖЪЛТ 120см.,БР.,pcs,4.000,1.28
05010451,НИВЕЛИР ЖЪЛТ 40 см.,БР.,pcs,2.000,0.57
05010476,НИВЕЛИР МАЛЪК,БР.,pcs,15.000,0.41
05010368,НИВЕЛИР С ВОДАЧИ 600мм MEGA,БР.,pcs,16.000,3.32
07010983,НИКЕЛ ВРН-РЕДУКТИВ 3/4-1/2,БР.,pcs,17.000,0.23
04030135,НИКЕЛ КОЛЯНО 1/2**,БР.,pcs,8.000,0.29
07010984,НИКЕЛ МУФА-НИПЕЛ 1/2-3/8,БР.,pcs,16.000,0.23
04030118,НИКЕЛ МУФА-НИПЕЛ 3/4-1/2**,БР.,pcs,7.000,0.32
04030117,НИКЕЛ НИПЕЛ 3/4**,БР.,pcs,345.000,0.22
04030170,НИКЕЛ НИПЕЛ-НАМАЛ.3/4-1/2**,БР.,pcs,3.000,0.24
07010982,НИКЕЛ ТРОЙНИК 3/4,БР.,pcs,85.000,0.41
04030146,НИКЕЛ УДЪЛЖИТЕЛ 1.5см.**,БР.,pcs,8.000,0.18
04060076,"НИПЕЛ 2 1/2"" МЕГА**",БР.,pcs,3.000,2.34
04060078,"НИПЕЛ 3    "" МЕГА**",БР.,pcs,5.000,4.20
04060079,"НИПЕЛ 4    "" МЕГА**",БР.,pcs,2.000,17.02
04060128,"НИПЕЛ НАМ.  3/4""х  3/8""МЕГА*",БР.,pcs,26.000,0.43
04060130,"НИПЕЛ НАМ.1    ""х  1/2""МЕГА*",БР.,pcs,24.000,0.57
04060131,"НИПЕЛ НАМ.1    ""х  3/4""МЕГА*",БР.,pcs,14.000,0.61
04060170,"НИПЕЛ НАМ.1 1/4""х  3/4""МЕГА*",БР.,pcs,27.000,1.40
04060263,"НИПЕЛ НАМ.2    ""х1    ""МЕГА*",БР.,pcs,4.000,2.54
04060168,"НИПЕЛ НАМ.2 1/2""х2    ""МЕГА*",БР.,pcs,6.000,8.14
04060169,"НИПЕЛ НАМ.3    ""х2    ""МЕГА",БР.,pcs,8.000,11.75
СИ00 608308,НОЖИЦА ТРЕВА 310мм.МЕТАЛНИ ДР.,БР.,pcs,5.000,2.08
08020040,ОБРЪЧ ЗА КОМИН,БР,pcs,68.000,0.36
05060221,ОБУВКИ СТР.ЛЕТНИ ЧЕШКИ №40,БР.,pcs,2.000,10.23
05060222,ОБУВКИ СТР.ЛЕТНИ ЧЕШКИ №41,БР.,pcs,4.000,10.23
07011030,"ОВЛАЖНИТЕЛ ЗА ВЪЗДУХ ""SINBO""",БР.,pcs,13.000,2.56
070111039,ОГЛЕДАЛО С АКСЕСОАРИ БЯЛО,БР.,pcs,64.000,1.28
05020600,ОЛУК 1м.**0.5мм.,БР.,pcs,38.000,1.02
05020599,ОЛУК ЪГЛОВ-ВЪТРЕШЕН**,БР.,pcs,19.000,2.05
07011103,"ОРОСИТЕЛ ""GARDEN""-1.5л.(6бр.)",БР.,pcs,12.000,3.84
07010066,ОРОСИТЕЛ ДЪГА 0.300л,БР.,pcs,43.000,0.25
АТРА6117,ОСВЕТ.ТЯЛО ЛИНИЯ 1 IP54 бяла,БР,pcs,6.000,4.51
05020669,ОТВЕС MEGA**,БР.,pcs,37.000,0.43
РЕ8080652,ОТВЕС ЗИД.100гр.,БР,pcs,11.000,0.83
РЕ8080653,ОТВЕС ЗИД.200гр.,БР,pcs,2.000,1.07
05010938,ОЧИЛА ПРЕДПАЗНИ 797 (12бр),БР.,pcs,57.000,0.41
05010939,ОЧИЛА ПРЕДПАЗНИ 798 (12бр.),БР.,pcs,27.000,0.41
03010036,ПАКЕТЕН Н-Л 315 W,БР.,pcs,11.000,0.69
03010037,ПАКЕТЕН Н-Л 500 W,БР.,pcs,10.000,0.74
05021084,ПАНТА ЗА КОШЕР N25 /12бр./,БР.,pcs,12.000,0.16
05021085,ПАНТА ЗА КОШЕР N30 /12бр./,БР.,pcs,12.000,0.17
05021086,ПАНТА ЗА КОШЕР N35 /12бр./,БР.,pcs,12.000,0.19
05070019,ПАНТА КЛАВИРНА 1.8м.,БР.,pcs,54.000,0.21
0507634,ПАНТА КЛАВИРНА РОЛКА 35м.,РОЛКА,roll,9.000,5.55
СЛ00 8L,ПАНТА ПРОЗОРЕЦ N 8 ЛЯВА ЦИНК,БР.,pcs,14.000,0.34
02010011,ПАРТИ ГРИЛ/ЕМАЙЛ-ВАРНА/,БР.,pcs,1.000,10.74
02010108,ПАРТИ ГРИЛ/САНДАНСКИ/,БР.,pcs,1.000,7.16
05010216,ПАТР.БОРМАШИНА 13ММ ROHM**,БР.,pcs,4.000,5.11
05010325,ПАТР.БОРМАШИНА 16мм РЕЗБА ВА**,БР.,pcs,4.000,3.58
03050142,ПАТРОН  6А,БР.,pcs,40.000,0.10
03050141,ПАТРОН 10А,БР.,pcs,11.000,0.10
03050404,ПАТРОН 16А,БР.,pcs,28.000,0.10
03050037,ПАТРОН 35А**,БР.,pcs,155.000,0.20
03050038,ПАТРОН 50А**,БР.,pcs,464.000,0.20
05070586,"ПАТРОН 70 WC""ПЮРКЪР""",БР.,pcs,23.000,3.22
05070614,ПАТРОН ВЕНДА 40мм С ТОКА-WC**,БР.,pcs,9.000,1.63
03060056,ПВА-1/4.0кв./-син/червен,М.,m,100.000,0.29
CHК4030,ПВВ 2х4.0 М4-30,МЕТРИ,m,2547.000,0.25
CHК6016,ПВВ 3х1.0 М6-7,МЕТРИ,m,6399.000,0.15
CHК4031,ПВВ 3х1.5 М4-31,МЕТРИ,m,999.000,0.14
CHК6015,ПВВ 3х1.5 М6-8,МЕТРИ,m,5100.000,0.21
CHК6018,ПВВ 3х2.5 М6-9,МЕТРИ,m,859.000,0.27
03060041,ПВВ МБ1 2*6.0******,МЕТРИ,m,13.000,0.87
08020186,ПЕЧКА ЕМАЙЛИРАНА ЗА БАНЯ**,БР,pcs,4.000,23.01
05020960,ПИРОН С ПЛАНКА ЗА ПОКР.ПЛОСК.,БР.,pcs,900.000,0.04
05070365,ПЛАНКА  2-N10.7*,БР.,pcs,11.000,3.01
05070367,ПЛАНКА  9*,БР.,pcs,23.000,1.25
05070368,ПЛАНКА 12-5х5*,БР.,pcs,53.000,0.18
05070369,ПЛАНКА 12-7х7*,БР.,pcs,33.000,0.27
05070371,ПЛАНКА 13-13х13*,БР.,pcs,44.000,0.87
05070376,ПЛАНКА 18-16х6*,БР.,pcs,8.000,0.42
05070377,ПЛАНКА 19-26х7*,БР.,pcs,6.000,0.89
05070285,ПЛАНКА ЪГЛ.100х100х 30х2/150б.,БР.,pcs,6036.000,0.15
03070133,ПЛАФОН 504-А,БР.,pcs,4.000,2.77
03070085,ПЛАФОН 506-25,БР.,pcs,4.000,3.56
03070084,ПЛАФОН 506-А,БР.,pcs,5.000,2.80
03070088,ПЛАФОН 508-25,БР.,pcs,2.000,2.45
03070106,ПЛАФОН 544/04,БР.,pcs,2.000,4.98
03070132,ПЛАФОН 554-02,БР.,pcs,3.000,4.98
03070131,ПЛАФОН 554-03,БР.,pcs,2.000,4.98
03070130,ПЛАФОН 554-05,БР.,pcs,3.000,4.98
03070123,ПЛАФОН 557-02,БР.,pcs,1.000,9.67
03070108,ПЛАФОН 559/03,БР.,pcs,10.000,4.91
03070109,ПЛАФОН 559/04,БР.,pcs,10.000,4.91
08020312,ПЛОЧА ЧУГУН ЗА Г.П.31х34,БР,pcs,15.000,1.53
01020007,ПЛОЧА ЧУГУНЕНА ЗА ГАЗОВА СКАРА,БР.,pcs,11.000,10.23
07011156,ПОИЛКА ЗА ПРАСЕ И АГНЕ,БР.,pcs,4.000,7.87
07011155,ПОИЛКА ЗА ТЕЛЕ,БР.,pcs,5.000,6.10
07011049,ПОИЛКА ЗА ТЕЛЕ 3Л.НОВА,БР.,pcs,6.000,2.78
07011145,ПОИЛКА ф250 (6бр.),БР.,pcs,13.000,1.31
07010559,ПОКРИВЕН НАЙЛ.20квPROMAST-25бр,БР.,pcs,170.000,0.83
02010293,"ПОМПА БЕНЗ.7002395 -1""",БР.,pcs,1.000,111.67
CHК7040,"ПОМПА БЕНЗИН 1"" М8-42-3",БР,pcs,2.000,68.38
02010174,"ПОМПА БЕНЗИН.-WP50A 2""0910030*",БР.,pcs,2.000,134.98
02010245,"ПОМПА БЕНЗИН.3"" KOSHIN**",БР.,pcs,1.000,224.97
04060162,ПОМПА ЕЛ.НЕРЪЖ.2300W-0930073,БР.,pcs,1.000,69.70
06010279,ПОМПА ПОТОПЯЕМА 1/2 УРОЖАЙ,БР.,pcs,1.000,26.08
06010061,ПОМПА ПОТОПЯЕМА BUL-MAX,БР.,pcs,1.000,34.77
ПФ01ТР20ТВ,ППР-ТРЪБА Ф20 /3м/ 35бр.ПАКЕТ,БР.,pcs,20.000,1.07
ПФ01ТР25ТВ,ППР-ТРЪБА Ф25х4.2мм./3м.-20бр.,БР.,pcs,12.000,1.61
ПФ01ТР32ТВ,ППР-ТРЪБА Ф32х5.4мм./3м.,БР.,pcs,14.000,2.91
03050290,ПРЕДП.КАПАЧКА ЗА КОНТАКТ,БР.,pcs,492.000,0.04
CHК2006,ПРЪСКАЛО С КОЛЧЕ М2-6  8094**,БР,pcs,3.000,0.60
07010085,ПРЪСКАЛО ЦВЕТЕ**,БР.,pcs,18.000,2.17
07010397,"ПРЪСКАЧКА ""GARDENIA""16л.ЛУКС",БР.,pcs,23.000,15.85
07010370,ПРЪСКАЧКА 20л ГРЪБНА,БР.,pcs,17.000,13.14
07011106,"ПРЪЧКА ""GARDEN""-2.0м.",БР.,pcs,3.000,3.70
07011109,"ПРЪЧКА ""GARDEN""-2.0м.+кран",БР.,pcs,2.000,5.04
07010655,ПРЪЧКА АЛУМ.100см-БЕЗ ГАЙКА**,БР.,pcs,11.000,1.28
07010503,ПРЪЧКА АЛУМ.100см-ГОЛЯМА,БР.,pcs,14.000,2.76
07010656,ПРЪЧКА АЛУМ.150см-БЕЗ ГАЙКА**,БР.,pcs,8.000,1.53
07010760,ПРЪЧКА ЗА ПРЪСК+ПИСТ+ДЮЗА,БР.,pcs,115.000,6.08
01010055,ПЪРЛАЧКА С КРАНЧЕ-средна,БР.,pcs,8.000,2.94
01010267,ПЪРЛАЧКА Ф51 СРЕДНА С КРАН,БР.,pcs,34.000,3.07
01010275,ПЪРЛАЧКА ХРОМ СРЕДНА С КРАН,БР.,pcs,8.000,4.91
01010274,ПЪРЛАЧКА ХРОМ.ДЪЛГА С КРАН,БР.,pcs,9.000,5.52
01010286,ПЪРЛАЧКА ХРОМ.Ф50+Ф40 С КРАН,БР.,pcs,9.000,4.35
01010101,ПЪРЛАЧКА-ПИСТОЛЕТ,БР.,pcs,5.000,1.12
03050222,РАЗК.КУТ.ЗА ГИПС КАРТ.ISILDAR,БР.,pcs,250.000,0.10
03020035,РАЗКЛ-АДАПТЕР 2-ка черен/ТОДИ/,БР.,pcs,4.000,0.37
03020037,РАЗКЛ-АДАПТЕР 3-ка черен/ТОДИ/,БР.,pcs,9.000,0.52
03020025,РАЗКЛ.2-ЕН БК /СМОЛЯН/-бял,БР.,pcs,46.000,0.86
03020112,РАЗКЛ.АДАПТЕР 4х2.5А EMOS,БР.,pcs,9.000,0.62
03030067,РАЗКЛ.КУТИЯ 85х85 СКРИТ.ТЕХНИЛ,БР.,pcs,36.000,0.07
03050279,РАЗКЛ.КУТИЯ Г.К. 110х110,БР.,pcs,290.000,0.27
03050227,РАЗКЛ.КУТИЯ КВАДРАТ/8х8/-/50бр,БР.,pcs,78.000,0.11
03050225,РАЗКЛ.КУТИЯ С КАПАЧЕ ОБИК.ОБЛА,БР.,pcs,20.000,0.04
СИ00 654098,РАЗПРЪСКВАЧ ВЪРТЯЩ 3-раменен,БР.,pcs,14.000,1.74
ХМСТ0000000012,РАТИМОР ТУНЕЛ МИШЕЛОВ,БР.,pcs,18.000,0.46
CHК7004,РВНН ALTEN BAGA М7-10**,БР,pcs,9.000,2.30
01010062,РВНН ПЪРШИНГ РУСКИ*,БР.,pcs,2.000,3.07
CHК2021,РЕВИЗИОНЕН КАПАК 15х20 М2-21**,БР,pcs,63.000,0.60
CHК2019,РЕВИЗИОННА РЕШЕТ.18х25 М2-19**,БР,pcs,81.000,0.38
CHК2020,РЕВИЗИОННА РЕШЕТ.20х30 М2-20**,БР,pcs,97.000,0.54
ПФ02ВРН 34- 12,"РЕДУКТИВ ВРН   3/4""-  1/2""",бр.,pcs,541.000,0.27
04060146,"РЕДУКТИВ ВРН 1    ""х  1/2""МЕГА",БР.,pcs,145.000,0.37
04060147,"РЕДУКТИВ ВРН 1    ""х  3/4""МЕГА",БР.,pcs,3.000,0.40
ПФ02ВРН112-114,"РЕДУКТИВ ВРН 1 1/2""-1 1/4""",бр.,pcs,1.000,0.69
04060175,"РЕДУКТИВ ВРН 1 1/2""х  3/4""МЕГА",БР.,pcs,17.000,0.91
ПФ02ВРН114- 34,"РЕДУКТИВ ВРН 1 1/4""-  3/4""",бр.,pcs,13.000,0.58
04060148,"РЕДУКТИВ ВРН 1 1/4""х  1/2""МЕГА",БР.,pcs,11.000,0.58
04060150,"РЕДУКТИВ ВРН 1 1/4""х1    ""МЕГА",БР.,pcs,2.000,0.31
04060199,"РЕДУКТИВ ВРН 1 1/4""х1 1/2""МЕГА",БР.,pcs,1.000,0.64
040602691,"РЕДУКТИВ ВРН 2    ""Х1/2 ""*",БР.,pcs,3.000,1.53
04060177,"РЕДУКТИВ ВРН 3    ""х2    ""МЕГА",БР.,pcs,3.000,3.94
04060274,"РЕДУКТИВ ВРН 3    ""х2 1/2""*",БР.,pcs,5.000,4.00
07011186,РЕШЕТКА Ф 120 с мрежа,БР.,pcs,4.000,1.22
03060050,РК-75-5-341 АК,БР.,pcs,30.000,0.46
04030327,РОЗЕТКА ЗА С-Л 1/2 АГРИЯ/МЕСИН,БР.,pcs,19.000,0.17
04030204,РОЗЕТКА ЗА СМЕСИТЕЛ-ПЛАСТМАСОВ,БР.,pcs,18.000,0.20
08020136,РОЗЕТКА ПВЦ Ф 130**,БР,pcs,7.000,0.82
CHК1039,РОЛКА ЗА ПОВДИГ.ЧЕРНА Е-17**,БР,pcs,35.000,0.95
10010035,РР РАКОР Ф16,БР,pcs,333.000,0.30
10010031,РР СЪЕДИНИТЕЛ Ф20,БР,pcs,42.000,0.80
10010030,РР ТЕТКА М/Ж-Ф16,БР,pcs,55.000,0.80
06010101,РТР БОРМАШИНА АКУМ.14.4V 402*,БР.,pcs,1.000,23.74
050206781,РЪКАВИЦИ ЛАТЕКС 50бр.в ПАКЕТ,ПАКЕТ,pack,20.000,1.04
04030290,РЪКОХВАТКА 633-С200 АБС**,БР.,pcs,56.000,0.11
04030292,РЪКОХВАТКА 637-ИСКЪР АБС**,БР.,pcs,62.000,0.41
04040133,САН-ПЛАСТ КАЗАНЧЕ ДВУСТ.БЕЖОВО,БР.,pcs,7.000,12.55
04040141,САН-ПЛАСТ ПОПЛАВЪК ЗА ПВЦ КАЗА,БР.,pcs,12.000,0.48
БГСП02,САП ЗА ЛОПАТА,БР.,pcs,20.000,0.56
05010931,САП ЗА ЧУК,БР.,pcs,514.000,0.10
МР02 130,СВРЕДЛО МЕТАЛ HSS Ф 1.3 мм/10б,бр.,pcs,10.000,0.12
МР02 270,СВРЕДЛО МЕТАЛ HSS Ф 2.7 мм/10б,бр.,pcs,8.000,0.12
МР02 350,СВРЕДЛО МЕТАЛ HSS Ф 3.50мм/10б,бр.,pcs,6.000,0.14
МР02 370,СВРЕДЛО МЕТАЛ HSS Ф 3.70мм/10б,бр.,pcs,10.000,0.17
МР02 410,СВРЕДЛО МЕТАЛ HSS Ф 4.1 мм/10б,бр.,pcs,4.000,0.18
МР02 430,СВРЕДЛО МЕТАЛ HSS Ф 4.30мм/10б,бр.,pcs,10.000,0.20
МР02 440,СВРЕДЛО МЕТАЛ HSS Ф 4.40мм/10б,бр.,pcs,10.000,0.20
МР02 450,СВРЕДЛО МЕТАЛ HSS Ф 4.50мм/10б,бр.,pcs,9.000,0.20
МР02 470,СВРЕДЛО МЕТАЛ HSS Ф 4.70мм/10б,бр.,pcs,10.000,0.20
МР02 480,СВРЕДЛО МЕТАЛ HSS Ф 4.80мм/10б,бр.,pcs,80.000,0.23
МР02 520,СВРЕДЛО МЕТАЛ HSS Ф 5.20мм/10б,бр.,pcs,8.000,0.28
МР02 540,СВРЕДЛО МЕТАЛ HSS Ф 5.40мм/10б,бр.,pcs,10.000,0.28
МР02 550,СВРЕДЛО МЕТАЛ HSS Ф 5.50мм/10б,бр.,pcs,30.000,0.29
МР02 560,СВРЕДЛО МЕТАЛ HSS Ф 5.60мм/10б,бр.,pcs,10.000,0.29
МР02 570,СВРЕДЛО МЕТАЛ HSS Ф 5.70мм/10б,бр.,pcs,10.000,0.29
МР02 590,СВРЕДЛО МЕТАЛ HSS Ф 5.90мм/10б,бр.,pcs,10.000,0.31
МР02 650,СВРЕДЛО МЕТАЛ HSS Ф 6.50мм/10б,бр.,pcs,10.000,0.36
МР02 700,СВРЕДЛО МЕТАЛ HSS Ф 7.00мм/10б,бр.,pcs,55.000,0.38
МР02 750,СВРЕДЛО МЕТАЛ HSS Ф 7.50мм/10б,бр.,pcs,50.000,0.46
МР02 850,СВРЕДЛО МЕТАЛ HSS Ф 8.50мм/5бр,бр.,pcs,19.000,0.64
МР02 950,СВРЕДЛО МЕТАЛ HSS Ф 9.50мм/5бр,бр.,pcs,35.000,0.74
МР021100,СВРЕДЛО МЕТАЛ HSS Ф11.00мм/5бр,бр.,pcs,30.000,1.03
МР021150,СВРЕДЛО МЕТАЛ HSS Ф11.50мм/5бр,бр.,pcs,15.000,1.03
МР021250,СВРЕДЛО МЕТАЛ HSS Ф12.50мм/5бр,бр.,pcs,10.000,1.30
05060227,СЕЗАЛ ТЕКСТ,КГ.,kg,117.600,2.05
05050143,СЕЛ.ХАРТИЕНО ТИКСО 19х40м**,БР.,pcs,46.000,0.45
CHСН092,СИЛИК.МАРКУЧ Ф10 /35м./М6-74,РОЛКА,roll,16.000,5.80
CHСН093,СИЛИК.МАРКУЧ Ф12 /25м./М6-75,РОЛКА,roll,6.000,4.69
CHСН094,СИЛИК.МАРКУЧ Ф14 /20м./М6-76,РОЛКА,roll,9.000,4.69
CHСН089,СИЛИК.МАРКУЧ Ф6 /65м./М6-71,РОЛКА,roll,22.000,4.69
CHСН090,СИЛИК.МАРКУЧ Ф7 /55м./М6-72,РОЛКА,roll,8.000,4.29
05030042,СИЛИКОНОВ МАРКУЧ Ф12-АРМИРАН**,ТОП,bundle,1.000,16.62
05020712,СИН КАМЪК-КЪНЧЕВИ /1кг/*,БР.,pcs,132.000,2.35
05020977,СИНДЖИР БЯЛ ПЛЕТЕН 50м.-РОЛКА,РОЛКА,roll,61.000,5.74
05020796,СИНДЖИР ЗА ЖИВОТНИ 4мм.N100**,БР.,pcs,79.000,0.97
05020793,СИНДЖИР ЧЕРЕН 3мм.N200**,БР.,pcs,100.000,0.86
05020794,СИНДЖИР ЧЕРЕН 4мм.N200**,БР.,pcs,70.000,1.02
05020831,СИНДЖИР-10мм./20м./,РОЛКА,roll,1.000,63.91
05020832,СИНДЖИР-12мм./18м./,РОЛКА,roll,1.000,63.91
04030266,СИФОН ЕЛИ МЕСИНГ,БР.,pcs,4.000,4.09
04030352,СИФОН ЗА МИВКА МЕТАЛЕН,БР.,pcs,18.000,2.81
04030094,СИФОН МЕСИНГ КВАД.СТ.МОД.,БР.,pcs,7.000,4.60
04030300,СИФОН МЕСИНГ КВАД.СТ.МОД.-ПРАВ,БР.,pcs,2.000,4.60
04030301,СИФОН МЕСИНГ КРЪГ.СТ.МОД.-ПРАВ,БР.,pcs,2.000,4.86
04030100,СИФОН МЕСИНГ НОВ.МОД.,БР.,pcs,12.000,4.35
04030380,СИФОН ПВЦ С КАПАК ХРОМ-В.Е.М.,БР.,pcs,23.000,1.79
04030059,СИФОН ПЛАСТМ. Ф32 ПОДОВ,БР.,pcs,4.000,0.46
04030391,СИФОН РОГОВ Ф50 А-Д БОЯ,БР.,pcs,18.000,1.53
04030392,СИФОН РОГОВ Ф50 А-Д ГОЛЯМ,БР.,pcs,11.000,2.56
04031042,СИФОН РОГОВ Ф50 КВАД.ХРОМ-г.ос,БР.,pcs,12.000,5.37
04030263,СИФОН РОГОВ Ф50 ПРОФИЛ БОЯ,БР.,pcs,2.000,1.79
04030215,СИФОН РОГОВ ХРОМ,БР.,pcs,9.000,3.32
04030057,СИФОН РОГОВ ХРОМ 10/10 ТОНИ**,БР.,pcs,44.000,2.51
04030320,СИФОН РОГОВ ЦАМ,БР.,pcs,9.000,4.09
04030086,"СИФОН РОГОВ-НИК.""ТИК-ТАК""КИТАЙ",БР.,pcs,2.000,4.60
04030280,СИФОН Ф110-КВАДРАТ 25х25,БР.,pcs,2.000,7.16
04030224,СИФОН Ф110-КРЪГЪЛ БОЯ,БР.,pcs,4.000,4.24
04030387,СИФОН Ф32 КВАДРАТ МАЛЪК А-Д,БР.,pcs,23.000,1.28
04030388,СИФОН Ф32 КРЪГЪЛ МАЛЪК А-Д,БР.,pcs,4.000,1.07
04030249,СИФОН Ф32 МАЛЪК,БР.,pcs,3.000,1.33
03030208,СИФОН Ф32-КРЪГЪЛ,БР.,pcs,5.000,1.28
04030210,СИФОН Ф32-КРЪГЪЛ БОЯ,БР.,pcs,4.000,1.28
04030220,СИФОН Ф50/110-КВАДРАТ,БР.,pcs,7.000,2.81
04030323,СИФОН ХРОМ ВЪРТЯЩ-ПРАВ,БР.,pcs,2.000,6.14
04030322,СИФОН ХРОМ ВЪРТЯЩ-РОГОВ,БР.,pcs,4.000,6.90
СТ03  178,СИФОН ЧАШКА с отцед.с изв-178,бр.,pcs,2.000,2.45
080201693,СКАРИ ЗА ЧУДО МЕТАЛ-ЗА ДОЛНО,БР,pcs,339.000,0.84
08020190,СКАРИ ОГНИЩЕ 40,БР,pcs,18.000,8.33
08020191,СКАРИ ОГНИЩЕ 50,БР,pcs,16.000,8.07
03010162,СКОБА ПВЦ БЯЛА 1х25/100бр./*,ПАКЕТ,pack,8.000,4.20
03010173,СКОБА ПВЦ БЯЛА 1х25/20бр./*,ПАКЕТ,pack,7.000,0.89
03010174,СКОБА ПВЦ БЯЛА 1х27/20бр./*,ПАКЕТ,pack,4.000,0.95
03010160,СКОБА ПВЦ БЯЛА 1х28/100бр./*,ПАКЕТ,pack,1.000,4.33
03010161,СКОБА ПВЦ БЯЛА 1х32/100бр./*,ПАКЕТ,pack,1.000,4.44
03010158,СКОБА ПВЦ БЯЛА 2х20/100бр./*,ПАКЕТ,pack,2.000,5.52
03010159,СКОБА ПВЦ БЯЛА 2х27/100бр./,ПАКЕТ,pack,5.000,5.99
05030028,СКОБИ 1 1/2 ЗА ПОЖАРНИ СИСТЕМ*,БР.,pcs,48.000,0.24
05030027,СКОБИ 1 1/4 ЗА ПОЖАРНИ СИСТЕМ*,БР.,pcs,74.000,0.21
05030026,"СКОБИ 1"" ЗА ПОЖАРНИ СИСТЕМИ**",БР.,pcs,90.000,0.21
05030030,СКОБИ 2 1/2 ЗА ПОЖАРНИ СИСТЕМ*,БР.,pcs,40.000,0.38
05030029,"СКОБИ 2"" ЗА ПОЖАРНИ СИСТЕМИ**",БР.,pcs,40.000,0.26
05030031,"СКОБИ 3"" ЗА ПОЖАРНИ СИСТЕМИ**",БР.,pcs,21.000,0.42
05030025,СКОБИ 3/4 ЗА ПОЖАРНИ СИСТЕМИ**,БР.,pcs,126.000,0.19
05030032,"СКОБИ 4"" ЗА ПОЖАРНИ СИСТЕМИ**",БР.,pcs,15.000,0.52
05020967,СКОБИ TORK  110-130 /1бр./**,БР.,pcs,47.000,0.15
05020966,СКОБИ TORK  120-140 /1бр./**,БР.,pcs,61.000,0.15
05020964,СКОБИ TORK  130-150 /1бр./**,БР.,pcs,30.000,0.17
05020965,СКОБИ TORK  140-160 /1бр./**,БР.,pcs,30.000,0.19
05020187,СКОБИ TORK 08-13 /50бр./**,БР.,pcs,9.000,2.40
05020112,СКОБИ TORK 28-48 /50бр/**,БР.,pcs,2.000,3.91
05020190,СКОБИ TORK 32-50 /50бр./**,БР.,pcs,2.000,4.19
05021061,СКОБИ TORK 38-58 /50бр./**,БР.,pcs,4.000,4.19
05020113,СКОБИ TORK 44-64 /50бр./**,БР.,pcs,2.000,6.90
05020114,СКОБИ TORK 50-70 /25бр./**,БР.,pcs,8.000,2.05
0502012,СКОБИ TORK 57-76 /50бр/**,БР.,pcs,1.000,6.14
05020115,СКОБИ TORK 60-80 /25бр./**,БР.,pcs,5.000,3.20
05020963,СКОБИ TORK 65-82 /50бр./**,БР.,pcs,1.000,5.62
05020961,СКОБИ TORK 70-90 /1бр./**,БР.,pcs,56.000,0.12
05020962,СКОБИ TORK 90-110/1бр./**,БР.,pcs,18.000,0.13
ГР0101,СКОБИ ЗА КАБЕЛ  4мм./100бр/МТХ,БР.,pcs,5.000,0.17
ГР0102,СКОБИ ЗА КАБЕЛ  5мм./100бр/МТХ,БР.,pcs,3.000,0.18
05020074,СКОБИ ЗА КАБЕЛ #0-ISILDA**,КУТИЯ,box,66.000,0.49
05020075,СКОБИ ЗА КАБЕЛ #1 ISILDAR**,КУТИЯ,box,32.000,0.49
05020752,СКОБИ ЗА КАБЕЛ #8-ISILDAR**,КУТИЯ,box,4.000,2.66
05020612,СКОБИ МЕТАЛ NOVA 16-25 /50бр/*,БР.,pcs,53.000,1.66
05020493,СКОБИ С ГАЙКА 1 1/4**,БР.,pcs,152.000,0.25
05020490,СКОБИ С ГАЙКА 1/2**,БР.,pcs,685.000,0.16
05020496,СКОБИ С ГАЙКА 2 1/2**,БР.,pcs,25.000,0.57
05021092,СКОБИ С ГАЙКА 3 1/2,БР,pcs,85.000,0.43
05020497,СКОБИ С ГАЙКА 3**,БР.,pcs,28.000,0.56
05020491,СКОБИ С ГАЙКА 3/4**,БР.,pcs,154.000,0.18
05020489,СКОБИ С ГАЙКА 3/8**,БР.,pcs,93.000,0.17
05020500,СКОБИ С КЪСА ШПИЛКА 1/2**,БР.,pcs,17.000,0.18
05020506,СКОБИ С КЪСА ШПИЛКА 2 1/2**,БР.,pcs,606.000,0.51
05020505,СКОБИ С КЪСА ШПИЛКА 2**,БР.,pcs,4.000,0.33
05020507,СКОБИ С КЪСА ШПИЛКА 3**,БР.,pcs,78.000,0.62
05040084,СНАДКА ЗА МАРК.1 1/2/обикнов**,БР.,pcs,81.000,0.20
010200207,СНАДКА ЗА МАРК.ГАЗ Ф 10 МЕТАЛ,БР.,pcs,22.000,0.60
01020052,СНАДКА ЗА МАРК.ГАЗ Ф6мм.МЕТАЛ,БР.,pcs,3.000,0.26
CHК1011,СПЛИТЕР 3-КА В-7**,БР,pcs,171.000,0.34
05050326,СПРЕЙ БОЯ 09-СВЕТЛО ЗЕЛЕНО**,БР.,pcs,4.000,1.07
05050329,СПРЕЙ БОЯ 12-БОРДО**,БР.,pcs,7.000,0.95
05050330,СПРЕЙ БОЯ 13-ИЗКРЯЩО ОРАНЖЕВО*,БР.,pcs,6.000,1.33
05050331,СПРЕЙ БОЯ 14-ИЗКРЯЩО РОЗОВО**,БР.,pcs,14.000,1.33
05050333,СПРЕЙ БОЯ 16-ИЗКРЯЩО ЗЕЛЕНО**,БР.,pcs,3.000,1.33
05050339,СПРЕЙ БОЯ 22-НИКЕЛ**,БР.,pcs,6.000,1.59
05050342,СПРЕЙ БОЯ 27-ТЪМНО СИВО**,БР.,pcs,12.000,1.07
05050343,СПРЕЙ БОЯ 28-КРЕМОВО**,БР.,pcs,8.000,0.95
05050353,СПРЕЙ БОЯ 29-БЕЖОВО,БР.,pcs,11.000,1.07
05050344,СПРЕЙ БОЯ 32-ГРУНД**,БР.,pcs,6.000,0.92
05050351,СПРЕЙ БОЯ 42-БОРОВО ЗЕЛЕНО,БР.,pcs,28.000,1.07
СП01Ж,СПРЕЙ БОЯ DL ЖЪЛТ,БР.,pcs,15.000,1.18
СП01З,СПРЕЙ БОЯ DL ЗЕЛЕН,БР,pcs,4.000,1.18
СП01ТСМ,СПРЕЙ БОЯ DL СИВ ТЪМЕН МАТ,БР.,pcs,10.000,1.18
05050413,СПРЕЙ ЕМАЙЛ ЗА ПЕЧКИ КАФЯВ,БР.,pcs,43.000,4.35
05050020,СПРЕЙ РЪЖДА-ASMACO-голям**,БР.,pcs,5.000,1.76
07010885,СТИРО.КОРНИЗ 2м. ДП1**,БР.,pcs,102.000,0.23
07010890,СТИРО.КОРНИЗ 2м. ДП17.0 H60**,БР.,pcs,35.000,1.15
07010891,СТИРО.КОРНИЗ 2м. ДП17.1 H70**,БР.,pcs,49.000,1.31
07010892,СТИРО.КОРНИЗ 2м. ДП17.2 H80**,БР.,pcs,79.000,1.47
07010893,СТИРО.КОРНИЗ 2м. ДП18**,БР.,pcs,29.000,1.15
07010886,СТИРО.КОРНИЗ 2м. ДП2**,БР.,pcs,260.000,0.23
05070014,СТОЙКА ЗА ЛАМПА ЛЕД МАЛКА,БР.,pcs,2.000,1.53
04060156,СТОЙКА ЗА ПОМПА-ЗЕЛЕНА,БР.,pcs,1.000,24.03
CHК8006,СТОЙКА ЗА СМЕС.ЧЕРНА.М8-16**,БР,pcs,36.000,1.10
CHК8005,СТОЙКА С РЕЗ.ЗА СМЕС.М8-15**,БР,pcs,212.000,0.10
05030183,СТОЙКА ЧЕРНА ЗА М-Ч 3/4 25м,БР.,pcs,12.000,2.30
CD03002,СТОЛ РАТАНОВ С ПОДЛАКЪТНИЦИ,БР,pcs,2.000,30.68
09010155,СТЪКЛО 19/24 ЯПОНСКА КЕРАМИКА,БР,pcs,12.000,7.67
07010034,СТЪКЛО ЗА ГРЪЦКА ЛАМПА*,БР.,pcs,18.000,0.97
05010633,СТЪЛБА ДЪРВЕНА 1.2м АИ,БР.,pcs,1.000,12.78
СИ00 664358,"СЪЕДИНЕНИЕ ЗА МАРК.1/2""с гайка",БР.,pcs,27.000,0.28
СИ00 664418,"СЪЕДИНЕНИЕ ЗА МАРК.3/4""с гайка",БР.,pcs,33.000,0.30
05070255,СЮРМЕ МЕСИНГ,БР.,pcs,336.000,0.05
СН10 2-4,СЮРМЕ МЕТАЛ  2- 4/12бр.,БР.,pcs,9.000,0.32
СН10 6-8,СЮРМЕ МЕТАЛ  6- 8/12бр.,БР.,pcs,4.000,0.35
СН1010-12,СЮРМЕ МЕТАЛ 10-12/12бр.,БР.,pcs,7.000,0.37
05070525,СЮРМЕ МЕТАЛНО  40мм,БР.,pcs,5.000,0.31
03070153,ТАБЛО АП ЗА 1-2предпаз.ISILDAR,БР.,pcs,205.000,0.18
03070154,ТАБЛО АП ЗА 3-4предпаз.ISILDAR,БР.,pcs,15.000,0.35
АТРА2143,ТАБЛО АТ-12 ОТКРИТ МОНТАЖ,БР,pcs,4.000,4.06
АТРА2149,ТАБЛО АТ-24 ОТКРИТ МОНТАЖ,БР,pcs,5.000,8.22
АТРА2148,ТАБЛО АТ-24 СКРИТ МОНТАЖ,БР,pcs,6.000,8.22
АТРА2146,ТАБЛО АТ-4  СКРИТ МОНТАЖ,БР,pcs,3.000,2.06
АТРА2145,ТАБЛО АТ-8  ОТКРИТ МОНТАЖ,БР,pcs,2.000,3.13
CHК4015,ТАБЛО ЗА АП 2-КА СКРИТ М4-15**,БР,pcs,68.000,0.49
CHК4020,ТАБЛО ЗА АП 24-КА СКР.М4-20**,БР,pcs,22.000,3.89
CHК4016,ТАБЛО ЗА АП 4-КА СКРИТ М4-16**,БР,pcs,2.000,0.72
03040024,ТАБЛО ЗА АП.-12СМ MEKS BOX,БР.,pcs,4.000,4.09
03040018,ТАБЛО ЗА АП.-12ом./ISILDAR/,БР.,pcs,12.000,3.44
03040017,ТАБЛО ЗА АП.-12см./ISILDAR/**,БР.,pcs,1.000,3.44
03040015,ТАБЛО ЗА АП.-6ом/ISILDAR/**,БР.,pcs,1.000,2.11
03040016,ТАБЛО ЗА АП.-9ом/ISILDAR/,БР.,pcs,1.000,2.11
07010734,ТАВА ЕМАЙЛ.С ДРЪЖКА/ГАЗ/,БР.,pcs,1.000,1.64
07010736,ТАВА ЕМАЙЛИРАНА 38см.,БР.,pcs,19.000,2.45
07010759,ТАВА ЕМАЙЛИРАНА 44см.,БР.,pcs,3.000,3.37
050800471,ТАКЕР ЕЛЕКТР.RAIDER,БР.,pcs,2.000,15.34
0501Г 115,ТАМПОН КРАЧЕ ГОЛЯМО,БР.,pcs,35.000,0.23
05060163,ТАМПОН КРАЧЕ ГОЛЯМО-115*,БР.,pcs,24.000,0.23
0501Г 117,ТАМПОН КРАЧЕ МАЛКО,БР.,pcs,14.000,0.18
05060165,ТАМПОН КРАЧЕ МАЛКО-117*,БР.,pcs,59.000,0.18
05060162,ТАМПОН КРАЧЕ ПАТЕРИЦА-114*,БР.,pcs,31.000,0.26
0501Г 116,ТАМПОН КРАЧЕ СРЕДНО,БР.,pcs,2.000,0.20
05060164,ТАМПОН КРАЧЕ СРЕДНО-116*,БР.,pcs,4.000,0.20
04030722,ТАПА ГУМЕНА ЗА МИВКА,БР.,pcs,10.000,0.18
03030019,ТВЪРДА ВРЪЗКА /РУСЕ-Н.КИРОВ/,БР.,pcs,119.000,1.60
03010013,ТЕН МЕЧТА-ГОРЕН 315./малък/,БР.,pcs,19.000,0.36
03010085,ТЕН ТОСТЕР-ГОЛЯМ,БР.,pcs,14.000,2.05
03010087,ТЕН ТОСТЕР-КРИВ,БР.,pcs,24.000,2.05
03010086,ТЕН ТОСТЕР-МАЛЪК,БР.,pcs,16.000,2.05
03010081,ТЕН ФРИТЮРНИК 1300W,БР.,pcs,6.000,2.05
03010082,ТЕН ФРИТЮРНИК 1350W,БР.,pcs,21.000,2.05
03010084,ТЕН ФРИТЮРНИК 1400W,БР.,pcs,9.000,2.05
03010083,ТЕН ФРИТЮРНИК 1500W,БР.,pcs,9.000,2.05
03050261,ТИНОЛ  180гр.,БР.,pcs,17.000,0.61
03050188,ТИНОЛ 1000гр.,БР.,pcs,3.000,6.14
04040016,ТОАЛ.КАЗАНЧЕ SILWERSTAR горно,БР.,pcs,4.000,10.23
04040089,ТОАЛ.КАЗАНЧЕ ПОЛСКО/СИН,БР.,pcs,7.000,8.95
СТ04  164,"ТОАЛ.КАЗАНЧЕ""АЛФА""ДОЛЕН МОНТ.",бр.,pcs,2.000,8.69
04040249,ТОАЛ.КРАК ЗА МИВКА-EURO ГОЛЯМ,БР.,pcs,4.000,5.11
04040147,ТОАЛ.КРАК ЗА МИВКА-ПОРЦЕЛАН,БР.,pcs,6.000,8.18
CH12055,"ТРИОН РЪЧЕН 20"" PAN MT-138",БР,pcs,18.000,1.16
04060032,"ТРОЙНИК   3/4"" МЕГА",БР.,pcs,4.000,0.45
ПФ02ТР  34,"ТРОЙНИК   3/4"" ПОЦ.",бр.,pcs,130.000,0.42
04060034,"ТРОЙНИК 1 1/2"" МЕГА",БР.,pcs,2.000,1.98
04060035,"ТРОЙНИК 1 1/4"" МЕГА",БР.,pcs,13.000,1.07
04060036,"ТРОЙНИК 2    "" МЕГА",БР.,pcs,3.000,2.62
04060037,"ТРОЙНИК 2 1/2"" МЕГА",БР.,pcs,2.000,5.89
04060038,"ТРОЙНИК 3    "" МЕГА",БР.,pcs,3.000,12.66
04060039,"ТРОЙНИК 4    "" МЕГА",БР.,pcs,2.000,25.12
ПФ02ТР Н341234,"ТРОЙНИК НАМ.  3/4""-  1/2""ПОЦ.",бр.,pcs,4.000,0.43
04060040,"ТРОЙНИК НАМ.  3/4""х  1/2"" МЕ",БР.,pcs,2.000,0.60
04060042,"ТРОЙНИК НАМ.1    ""х  3/4"" МЕ",БР.,pcs,5.000,0.79
СИ00 664688,ТРОЙНИК ПЛАСТМ. PALISAD,БР.,pcs,6.000,0.24
CHК1056,ТРЪБА AL Ф16/100м. Н-1**,М.,m,33.000,0.27
CHК1058,ТРЪБА AL Ф18/100м. Н-3**,М.,m,350.000,0.23
CHК1057,ТРЪБА AL Ф20/100м. Н-2**,М.,m,338.000,0.32
04050397,ТРЪБА AL Ф20x2/100м./ITALPEX*,М.,m,200.000,0.47
16010008,ТРЪБА ВОДОСТОЧНА ф.100 1м.,БР.,pcs,10.000,1.18
CHК6068,ТРЪБА ЗА ДУШ/СМЕС. M5-27,БР,pcs,6.000,2.47
CHК6069,ТРЪБА ЗА ДУШ/СМЕС. M5-29,БР,pcs,17.000,3.13
04050332,ТРЪБА ЗА ПАРНО Ф16 HAKA**,МЕТРИ,m,33.000,0.54
04050394,ТРЪБА ПЕ Ф32 2.0мм 10атм.**,МЕТРИ,m,15.000,0.42
04050121,ТРЪБА ф20 AL/MULTIPLEX/,БР.,pcs,300.000,0.42
01010038,ТУРИСТ.190гр.ГОРЕЛКА МЕТ.ORGAZ,БР.,pcs,2.000,5.62
01010034,ТУРИСТ.190гр.КОТЛОН МЕТ.ORGAZ,БР.,pcs,2.000,4.50
01010332,ТУРИСТ.500гр.КОТЛОН С БУТИЛКА,БР.,pcs,3.000,8.08
08020217,ТУХЛА ОГНЕОП. 28х10х7,БР,pcs,28.000,0.77
05010487,ТЪРМЪК 12 ЗЪБА-РУСКИ,БР.,pcs,29.000,1.35
05010395,ТЪРМЪК БЕЗ САП,БР.,pcs,101.000,1.02
CD0218,УНИЩОЖИТЕЛ ЗА НАСЕКОМИ MY-152,БР,pcs,1.000,7.67
0501Г 56,УПЛ.ЗА ПВЦ ТРЪБА Ф110,БР.,pcs,20.000,0.06
0501Г 55,УПЛ.ЗА ПВЦ ТРЪБА Ф50,БР.,pcs,10.000,0.04
0501Г 14,УПЛ.ЗА СИФОН ПЛОСКО,БР.,pcs,30.000,0.05
0501Г 24,УПЛ.ЗА ХОЛЕНДЪР 1 1/2,БР.,pcs,60.000,0.05
0501Г 22,"УПЛ.ЗА ХОЛЕНДЪР 1""",БР.,pcs,3.000,0.03
0501Г 20,УПЛ.ЗА ХОЛЕНДЪР 1/2,БР.,pcs,18.000,0.02
0501Г 21,УПЛ.ЗА ХОЛЕНДЪР 3/4,БР.,pcs,8.000,0.03
0501Г 103,УПЛ.МЕЖДУ ВЕНТИЛ И БУТИЛКА,ПАКЕТ,pack,10.000,3.07
05060045,"УПЛЪТНЕНИЕ ЗА ВОД.  1""/50бр./",БР.,pcs,1.000,0.77
05060046,"УПЛЪТНЕНИЕ ЗА ВОД.1/2""/100бр./",БР.,pcs,6.000,1.53
05060047,"УПЛЪТНЕНИЕ ЗА ВОД.3/4""/100бр/",БР.,pcs,2.000,1.53
05060023,УПЛЪТНЕНИЕ ЗА ФЛАНЕЦ/ГОЛЯМ/,БР.,pcs,1.000,0.26
05060032,"УПЛЪТНЕНИЕ ЗА ХОЛЕНДЪР 2""",БР.,pcs,150.000,0.08
03040004,ФАСУНГА /Н.КИРОВ/-РИНГ-Е27,БР.,pcs,40.000,0.54
03040002,ФАСУНГА /Н.КИРОВ/-СТ.ПРАВА-Е27,БР.,pcs,27.000,0.40
03040007,ФАСУНГА МИНЬОН-Е14-ВИСЯЩА,БР.,pcs,37.000,0.34
03040005,ФАСУНГА МИНЬОН-Е14-РИНГ,БР.,pcs,20.000,0.42
03040011,ФАСУНКА БЯЛА С ДЪЛГО РАМО 1408,БР.,pcs,190.000,0.46
03020113,ФЕНЕР К-Т С ОТВЕРКИ EMOS,БР.,pcs,7.000,2.80
ОСДРC-250-573,"ФЕНЕР""ПАСИФИК""ЖЕЛЪД/СТ.ЗЛАТО 8",БР.,pcs,4.000,8.34
ОСДРC-250-563,"ФЕНЕР""ПАСИФИК""МАЛЪК/СТ.ЗЛАТО10",БР.,pcs,5.000,5.17
06010162,ФЕРМ-КЪРТАЧ 1100WHDM1016/P OLD,БР.,pcs,1.000,152.47
06010140,ФЕРМ-НОЖЧЕ ЗА ЗЕГЕ 10бр.К-Т**,БР.,pcs,3.000,3.58
03050150,ФЛАНЕЦ ЕМАЙЛИРАН-ЕЛИПСА,БР.,pcs,9.000,3.07
05050301,ХАРТИЕНО ТИКСО 15х40 KAVI,БР.,pcs,38.000,0.23
05050022,ХАРТИЕНО ТИКСО 24/30,БР.,pcs,28.000,0.36
05050046,ХАРТИЕНО ТИКСО 24х25,БР.,pcs,34.000,0.24
07011143,ХРАНИЛКА ф400 (6бр.),БР.,pcs,1.000,4.25
ХС007002083,"ХРОМ-ВРН М/Ж   1/2""-  3/4""",БР.,pcs,19.000,0.31
ХС007002085,"ХРОМ-ВРН М/Ж   3/4""-1    """,БР.,pcs,25.000,0.66
ХС007002082,"ХРОМ-ВРН М/Ж   3/8""-  1/2""",БР.,pcs,1.000,0.26
04060235,"ХРОМ-КАПА   3/4""**",БР.,pcs,1.000,0.34
04060218,"ХРОМ-КОЛЯНО   1/2""**",БР.,pcs,19.000,0.72
04060219,"ХРОМ-КОЛЯНО   3/4""**",БР.,pcs,42.000,1.00
04060217,"ХРОМ-КОЛЯНО   3/8""**",БР.,pcs,17.000,0.51
ХС007002076,"ХРОМ-КОЛЯНО М/Ж   1/2""",БР.,pcs,9.000,0.85
04060223,"ХРОМ-КОЛЯНО М/Ж   3/4""**",БР.,pcs,11.000,1.39
04060221,"ХРОМ-КОЛЯНО М/Ж   3/8""**",БР.,pcs,31.000,0.62
ХС007002088,"ХРОМ-МУФА   1/2""",БР.,pcs,12.000,0.55
04060229,"ХРОМ-МУФА   1/2""**",БР.,pcs,5.000,0.40
04060228,"ХРОМ-МУФА   3/8""**",БР.,pcs,2.000,0.41
04060272,"ХРОМ-МУФА НАМ.  3/8""-  1/4""*",БР.,pcs,12.000,0.42
04060245,"ХРОМ-НИП.НАМ.1    ""-  3/4""",БР.,pcs,15.000,0.72
ХС007002106,"ХРОМ-НИПЕЛ   1/2""",БР.,pcs,1.000,0.34
04060246,"ХРОМ-НИПЕЛ   1/2""+НАКРАЙН.Ф10",БР.,pcs,12.000,0.50
ХС007002107,"ХРОМ-НИПЕЛ   3/4""",БР.,pcs,11.000,0.63
04060239,"ХРОМ-НИПЕЛ   3/8""**",БР.,pcs,2.000,0.17
04060241,"ХРОМ-НИПЕЛ 1    ""**",БР.,pcs,20.000,0.78
04060271,"ХРОМ-НИПЕЛ НАМ.  3/8""-  1/4""",БР.,pcs,13.000,0.48
04060232,"ХРОМ-ТАПА   1/2""**",БР.,pcs,1.000,0.25
04060233,"ХРОМ-ТАПА   3/4""**",БР.,pcs,154.000,0.32
04060215,"ХРОМ-ТРОЙНИК   3/4""**",БР.,pcs,6.000,1.33
04060213,"ХРОМ-ТРОЙНИК   3/8""**",БР.,pcs,13.000,0.47
04060203,ХРОМ-УДЪЛЖИТЕЛ 1/2  40мм**,БР.,pcs,1.000,0.95
04060206,ХРОМ-УДЪЛЖИТЕЛ 1/2  70мм**,БР.,pcs,4.000,1.66
04060208,ХРОМ-УДЪЛЖИТЕЛ 1/2 100мм**,БР.,pcs,1.000,2.67
04060209,ХРОМ-УДЪЛЖИТЕЛ 3/4  20мм**,БР.,pcs,7.000,0.81
04060211,ХРОМ-УДЪЛЖИТЕЛ 3/4  40мм**,БР.,pcs,2.000,1.35
04060212,ХРОМ-УДЪЛЖИТЕЛ 3/4  50мм**,БР.,pcs,10.000,1.63
04060236,"ХРОМ-ХОЛЕНДЪР   1/2""**",БР.,pcs,1.000,1.32
04060237,"ХРОМ-ХОЛЕНДЪР   3/4""**",БР.,pcs,1.000,2.42
07010538,ЦЕДКА МЕТАЛНА ЗА ЛЕЙКА,БР.,pcs,33.000,0.77
05010909,ЧАКЛА /ГЕЛБЕРИЯ /МОТИКА ЗА ВАР,БР.,pcs,20.000,1.53
050503873,ЧЕРНА ХАР.ВОАЛИТ 2.5кг БЕЗ ПОС,БР.,pcs,20.000,8.59
11010013,ЧЕТКА OPAL 25 АНТАРЕС**,БР,pcs,75.000,0.34
11010019,ЧЕТКА ORION 3 ДЕБ.30/16 АНТАР*,БР,pcs,71.000,0.39
11010007,ЧЕТКА VEGA 2 СР. 20/12 АНТАРЕ*,БР,pcs,94.000,0.30
11010008,ЧЕТКА VEGA 3 СР. 30/12 АНТАР**,БР,pcs,26.000,0.37
05010606,ЧЕТКА WC INOX МИНИ БЕЗ КАПАК**,БР.,pcs,3.000,1.91
0501 1051,"ЧЕТКА YAPAS ЛУКС 1"" **",БР.,pcs,17.000,0.42
0501 1001,"ЧЕТКА YAPAS ОБИКНОВЕННА 1""**",БР.,pcs,31.000,0.27
05020740,ЧЕТКА КАМБАНА М14х2 ф65 SOMA,БР.,pcs,8.000,0.66
05020741,ЧЕТКА КАМБАНА М14х2 ф75 SOMA,БР.,pcs,2.000,0.72
05010319,"ЧЕТКА С ПВЦ ДРЪЖКА 3""-жълта**",БР.,pcs,16.000,0.15
05010143,"ЧЕТКА С ПВЦ ДРЪЖКА-2.5""-жълта*",БР.,pcs,22.000,0.13
CHК6025,ЧЕТКА ТИП MULTI М6-18,БР,pcs,78.000,0.46
05010610,ЧУК И НАКОВАЛНЯ ЗА КЛЕПАНЕ**,БР.,pcs,87.000,1.39
05020012,ЧУКАЛО ЗА ВРАТА,БР.,pcs,3.000,1.30
07010318,ЧУШКОВАДАЧ,БР.,pcs,12.000,0.46
02010032,ЧУШКОПЕК 1-ЕН АСЕНОВГРАД,БР.,pcs,3.000,11.25
08020048,ШАМОТ-МЕРТЕЛ-5кг,БР,pcs,132.000,1.12
080201513,ШАПКА ЗА КОМИН-ВЪРТ.ЦИНК-TAS.,БР,pcs,25.000,1.53
03060019,ШВПС 3*1.0,М.,m,435.000,0.22
CHК4035,ШВПС 3х2.5 МY-4,МЕТРИ,m,100.000,0.25
05020043,ШИШ С УХО,БР.,pcs,88.000,0.07
040122,ШЛАНГ ЗА ИЗТЕГЛ.СМЕС 21272,БР.,pcs,1.000,5.64
CHК6048,"ШПАТУЛА   1"" М6-51",БР,pcs,126.000,0.40
CHК6055,"ШПАТУЛА   5"" М6-58",БР,pcs,132.000,0.58
CHК6056,"ШПАТУЛА   6"" М6-59",БР,pcs,165.000,0.63
CHК6049,"ШПАТУЛА 1.5"" М6-52",БР,pcs,91.000,0.41
CHК6050,"ШПАТУЛА 2.1"" М6-53",БР,pcs,26.000,0.43
РЕ8080340,ШПАТУЛА ГИПС НЕРЪЖД.60х100мм.,БР,pcs,21.000,1.10
05080882,ШПАТУЛИ СТОМАНЕНИ**,БР.,pcs,8.000,0.26
05020016,ШПИОНКА С ДРЪЖКА,БР.,pcs,3.000,1.89
03050053,ЩЕПСЕЛ 2*16А/250V,БР.,pcs,127.000,0.52
CHК9014,"ЩОРЦ 2"" КОМПЛЕКТ 2бр.М9-10",БР,pcs,8.000,2.32
CHК9015,"ЩОРЦ 3"" КОМПЛЕКТ 2бр.М9-11",БР,pcs,128.000,4.27
05030151,ЩОРЦ 52мм ЗА ПЛОСЪК МАРКУЧ,БР.,pcs,12.000,3.72
05030150,ЩОРЦ 76мм ЗА ПЛОСЪК МАРКУЧ,БР.,pcs,17.000,6.80
СИ00 657508,"ЩУЦЕР ВЪНШ.РЕЗБА 3/4""пластм.",БР.,pcs,29.000,0.15
СИ00 657308,"ЩУЦЕР ВЪТР.РЕЗБА 1""пластм.",БР.,pcs,25.000,0.21
СИ00 657208,ЩУЦЕР ВЪТР.РЕЗБА 1/2-3/4 пл.,БР.,pcs,36.000,0.22
СИ00 657408,"ЩУЦЕР ВЪТР.РЕЗБА 3/4-1""пл.",БР.,pcs,11.000,0.28
05060007,"ЩУЦЕР ЗА РЕЗЕРВОАР 2"" ПВЦ",БР.,pcs,1.000,25.56
04030288,ЩУЦЕР ЗА ЧЕШМА 1/2 NF**,БР.,pcs,84.000,0.15
04030169,"ЩУЦЕР МЕСИНГ 1/2"" 8мм",БР.,pcs,8.000,0.50
04030176,"ЩУЦЕР МЕСИНГ 2"" 50мм",БР.,pcs,3.000,3.77
СИ00 657608,"ЩУЦЕР СЪС СКОБА 1/2""-3/4""пласт",БР.,pcs,41.000,0.82
07011171,ЪГЛИ ПВЦ КАПКА БЕЗ РЪБ 2м.-20б,БР.,pcs,20.000,0.55
07011172,ЪГЛИ ПВЦ КАПКОБРАН 2.5м.-20бр.,БР.,pcs,43.000,0.69
16010016,ЪГЪЛ ВЪНШЕН -ЩАНЦОВАН,БР.,pcs,24.000,2.16
16010018,ЪГЪЛ ВЪТРЕШЕН-ЩАНЦОВАН,БР.,pcs,8.000,2.17
07010282,ЪГЪЛ ЗА КОРНИЗ-ДВОЕН/ЗАВОЙ/,БР.,pcs,21.000,0.77
РЕ8080610,ЪГЪЛ ЗА ОТСИЧАНЕ 3 ръба,БР,pcs,5.000,0.91
07010083,ЪГЪЛ ЗА СВОД ПВЦ С МРЕЖА /25бр,БР.,pcs,19.000,0.62
05060200,ЪГЪЛ ПВЦ 15х15 БУК 2.75-25бр.,БР.,pcs,15.000,0.66
05060204,ЪГЪЛ ПВЦ 15х15 ВЕНГЕ 2.75-25бр,БР.,pcs,23.000,0.66
05060203,ЪГЪЛ ПВЦ 15х15 К.ДЪБ 2.75-25бр,БР.,pcs,25.000,0.66
05060201,ЪГЪЛ ПВЦ 15х15 ОРЕХ 2.75-25бр.,БР.,pcs,25.000,0.66
05060208,ЪГЪЛ ПВЦ 20х20 БУК 2.75-25бр,БР.,pcs,18.000,0.95
05060210,ЪГЪЛ ПВЦ 20х20 В.ДЪБ 2.75-25бр,БР.,pcs,23.000,0.95
05060212,ЪГЪЛ ПВЦ 20х20 ВЕНГЕ 2.75-25бр,БР.,pcs,26.000,0.95
05060211,ЪГЪЛ ПВЦ 20х20 К.ДЪБ 2.75-25бр,БР.,pcs,31.000,0.95
05060157,ЪГЪЛ ПВЦ 30х30 БЕЖЕВО 270см.,БР.,pcs,12.000,1.47
05060215,ЪГЪЛ ПВЦ 30х30 БУК 2.75-25бр,БР.,pcs,33.000,1.44
05060213,ЪГЪЛ ПВЦ 30х30 БЯЛ 2.75-25бр,БР.,pcs,2.000,1.44
05060160,ЪГЪЛ ПВЦ 30х30 БЯЛО 270см.,БР.,pcs,6.000,1.47
05060216,ЪГЪЛ ПВЦ 30х30 К.ДЪБ 2.75-25бр,БР.,pcs,25.000,1.44
05060158,ЪГЪЛ ПВЦ 30х30 КАФЯВО 270см.,БР.,pcs,5.000,1.47
05020823,ЮЛАР ЗА МАГАРЕ-ПЛЕТЕН,БР.,pcs,38.000,0.36
02010237,ЮПС-BBPS-100ЕЕЕ С ВЪНШНА КЛЕМА,БР.,pcs,1.000,50.11
